Number,E-Word,S-Word,Val-Mn-All,Val-Sd-All,Aro-Mn-All,Aro-Sd-All,Dom-Mn-All,Dom-Sd-All,Nlett,Nsyll ,GClass,Freq ,Neigh,Fam ,Con ,Imag 
722,derelict,abandonado,1.68,1.00,5.88,2.21,3.11,2.03,10,5,V/A,27.86,1,UnAv,UnAv,UnAv
583,bees,abejas,3.18,1.85,6.59,2.05,3.42,2.32,6,3,N,0,0,UnAv,UnAv,UnAv
622,abortion,aborto,2.80,2.13,6.07,1.87,4.17,2.37,6,3,N,10,1,5.26,5.47,4.83
975,scorching,abrasador,2.46,1.58,6.00,2.16,4.00,2.19,9,4,A,0.71,0,UnAv,UnAv,UnAv
218,hug,abrazo,8.13,1.34,5.70,2.57,6.12,2.16,6,3,N,15.71,0,5.41,5.9,6.2
300,overwhelmed,abrumado,2.90,1.81,5.36,2.14,3.84,2.17,8,4,V/A,0,0,UnAv,UnAv,UnAv
623,absurd,absurdo,3.80,1.88,4.90,1.81,4.44,1.65,7,3,A/N,32.68,1,5.28,2.65,2.54
624,abundance,abundancia,6.80,1.75,5.40,2.21,5.68,1.80,10,4,N,12.86,0,5.43,3.38,4.67
48,bored,aburrido,2.33,1.68,2.90,1.94,4.78,2.24,8,4,V/A,12.86,1,UnAv,UnAv,UnAv
2,accident,accidente,1.32,0.82,7.58,1.83,2.62,2.29,9,4,N,34.82,1,6.35,4.59,5.86
989,sour,ácido,3.41,2.04,5.57,1.73,4.29,1.92,5,3,A/N,20.89,1,5.38,5.2,5.1
88,cozy,acogedor,7.64,1.47,4.37,2.62,6.08,2.16,8,4,A,2.32,0,UnAv,UnAv,UnAv
740,event,acontecimiento,5.99,1.69,5.81,1.99,5.01,1.65,14,5,N,20.6,0,5.33,2.39,3.47
948,pungent,acre,4.23,1.57,4.19,1.65,4.50,1.84,4,2,N,1.61,4,UnAv,UnAv,UnAv
4,activate,activar,6.00,1.41,6.50,1.95,5.82,1.73,7,3,V,2.14,0,UnAv,UnAv,UnAv
631,agreement,acuerdo,7.24,1.86,4.83,2.20,6.22,1.93,7,3,N,193.04,0,5.71,3.61,3.71
404,snuggle,acurrucarse,6.98,2.09,4.28,2.43,6.01,2.06,11,5,V,0.54,0,UnAv,UnAv,UnAv
581,addict,adicto,2.41,1.73,5.77,2.06,3.28,2.33,6,3,A/N,3.39,2,UnAv,UnAv,UnAv
488,wealthy,adinerado,6.21,1.71,5.58,1.92,5.69,2.14,9,5,A,0.36,1,UnAv,UnAv,UnAv
5,admired,admirado,7.33,1.50,6.53,1.96,5.48,2.18,8,4,V/A,0,0,UnAv,UnAv,UnAv
6,adorable,adorable,7.48,1.41,5.24,2.38,5.76,1.92,8,4,A,3.57,0,UnAv,UnAv,UnAv
546,adult,adulto,5.68,1.36,4.90,1.81,5.16,2.11,6,3,N,17.68,2,6.51,5.2,5.71
808,impair,afectar,3.48,1.90,5.61,2.00,3.77,1.97,7,3,V,9.29,1,6.08,3.58,3.16
7,affection,afecto,8.10,1.28,6.19,2.22,5.83,2.39,6,3,N,19.82,2,5.41,4.24,4.49
381,secure,afianzar,5.93,1.69,5.46,1.75,5.66,1.90,8,3,V,1.79,0,UnAv,UnAv,UnAv
127,distressed,afligido,1.96,1.31,4.41,2.31,3.93,2.10,8,4,V,0,0,UnAv,UnAv,UnAv
266,lucky,afortunado,7.71,1.50,6.26,2.01,5.28,2.53,10,5,A,5.71,1,UnAv,UnAv,UnAv
22,agility,agilidad,6.73,1.59,5.97,2.06,5.82,1.88,8,4,N,5.89,0,5.95,4.01,4.49
55,burdened,agobiado,2.06,1.49,6.73,2.33,3.48,2.18,8,4,V/A,2.14,1,UnAv,UnAv,UnAv
10,agony,agonía,1.74,1.10,6.20,2.38,2.94,2.25,6,4,N,11.25,1,3.57,3.9,4.69
193,grateful,agradecido,7.84,1.20,5.50,2.16,5.79,1.91,10,5,V,7.68,1,UnAv,UnAv,UnAv
27,assault,agresión,1.67,1.22,6.88,2.02,3.72,2.42,8,4,N,16.61,1,5.02,4.73,4.93
9,aggressive,agresivo,1.96,1.23,6.94,1.82,3.69,2.31,8,4,A,8.57,1,UnAv,UnAv,UnAv
486,water,agua,7.47,1.59,4.80,2.60,5.72,2.11,4,2,N,295.36,2,6.8,5.9,6.37
983,slush,aguanieve,5.11,1.97,4.79,1.97,4.21,1.97,9,4,N,0.54,0,UnAv,UnAv,UnAv
897,needle,aguja,3.18,1.74,5.66,2.23,4.43,2.14,5,3,N,8.93,1,6,5.89,5.92
591,drown,ahogarse,1.32,0.93,7.61,1.92,2.41,2.12,8,4,V,0,0,UnAv,UnAv,UnAv
969,save,ahorrar,6.40,1.85,4.94,1.93,6.09,2.35,7,3,V,6.79,1,5.82,4.9,4.11
632,air,aire,6.83,2.14,4.19,2.43,4.60,2.64,4,2,N,209.64,2,6.69,4.9,3.94
715,dawn,alba,7.48,1.54,4.18,2.69,4.46,2.75,4,2,N,17.5,8,3.97,4.98,4.07
582,alcoholic,alcohólico,2.01,1.58,5.70,2.31,3.51,2.52,10,5,A/N,2.5,1,UnAv,UnAv,UnAv
872,merry,alegre,8.41,0.97,7.66,1.65,6.37,2.17,6,3,A,28.75,2,UnAv,UnAv,UnAv
636,allergy,alergia,4.01,2.92,5.84,2.11,4.11,2.31,7,3,N,2.86,0,5.33,4.85,5.54
11,alert,alerta,3.69,1.69,7.58,1.58,4.17,2.39,6,3,N,11.79,0,4.06,3.96,4.35
315,pillow,almohada,6.79,2.04,3.10,2.13,6.29,2.35,8,4,N,9.82,0,6.03,5.88,6.58
246,kindness,amabilidad,8.22,0.86,5.26,2.29,6.24,1.74,10,5,N,5.36,1,5.58,3.8,4.54
245,kind,amable,7.81,1.20,4.92,2.34,6.22,2.11,6,3,A,22.68,1,UnAv,UnAv,UnAv
264,loved,amado,7.99,1.46,6.43,2.67,5.79,2.35,5,3,V,13.39,8,UnAv,UnAv,UnAv
420,sunrise,amanecer,8.01,1.03,4.08,2.64,4.50,2.86,8,4,N,17.68,0,6.51,5.71,6.02
545,yellow,amarillo,5.67,1.77,4.84,2.16,5.17,1.67,8,4,A,25,1,UnAv,UnAv,UnAv
14,ambition,ambición,5.01,1.99,6.42,1.66,5.60,2.16,8,4,N,11.96,1,5.46,3.55,3.5
15,ambulance,ambulancia,2.34,1.68,7.44,1.48,3.58,2.24,10,4,N,6.61,0,UnAv,UnAv,UnAv
275,menace,amenaza,1.99,1.49,7.10,1.80,2.86,1.88,7,4,N,47.86,0,5.52,4.56,4.27
175,friendly,amigable,8.14,0.89,5.08,2.48,6.24,1.98,8,4,A,0.18,0,UnAv,UnAv,UnAv
174,friend,amigo,8.41,1.07,6.73,2.31,6.04,2.04,5,3,N,158.39,2,6.73,4.95,6.16
263,love,amor,8.50,1.30,7.46,2.40,4.86,2.87,4,2,N,267.5,4,6.36,2.48,4.87
661,blister,ampolla,2.54,1.55,4.99,1.89,4.33,2.02,7,3,N,0.18,0,UnAv,UnAv,UnAv
16,angel,ángel,6.87,1.88,4.86,1.99,4.49,2.34,5,2,N,17.68,1,5.81,4.69,5.48
19,anguished,angustiado,1.67,1.08,5.89,2.61,3.33,2.13,10,4,A/V,4.29,1,UnAv,UnAv,UnAv
508,desire,anhelo,4.42,2.30,5.27,2.15,4.39,2.02,6,3,N,7.32,0,4.5,2.82,3.79
69,cheer,ánimo,7.36,1.81,6.72,1.82,6.19,2.18,5,3,N,53.04,1,6.36,2.91,4.01
21,anxious,ansioso,3.63,2.32,7.70,1.58,3.14,2.04,7,3,A,5.18,1,UnAv,UnAv,UnAv
93,crushed,aplastado,2.28,1.53,5.59,2.55,3.21,1.87,9,4,V,0,0,UnAv,UnAv,UnAv
640,applause,aplausos,7.67,1.49,7.39,1.58,6.36,2.47,8,3,N,0,0,UnAv,UnAv,UnAv
252,learn,aprender,7.13,1.40,6.00,2.17,6.33,1.90,8,3,V,30.18,0,6.64,4.53,4.36
625,acceptance,aprobación,7.11,1.76,5.94,2.24,5.81,2.14,10,5,N,12.32,1,4.1,3.31,UnAv
782,hardship,apuros,2.61,1.44,6.86,1.81,3.68,2.15,6,3,N,0,0,UnAv,UnAv,UnAv
610,spider,araña,3.07,2.07,6.40,1.89,4.02,2.14,5,3,N,6.96,2,5.53,5.86,6.18
450,tree,árbol,6.53,1.68,4.18,2.01,5.07,2.01,5,2,N,35,1,6.67,5.87,6.27
343,rainbow,arco-iris,7.39,1.58,4.81,2.53,3.73,2.40,8,3,N,0,0,UnAv,UnAv,UnAv
489,weapon,arma,1.81,1.33,6.26,2.44,2.90,2.19,4,2,N,34.82,8,5.83,5,6.14
675,cabinet,armario,5.10,1.35,4.31,1.57,5.16,1.59,7,3,N,21.43,1,6.41,6.08,6.26
351,repentant,arrepentido,4.50,2.39,5.14,2.15,4.93,2.25,11,5,V/A,0,1,UnAv,UnAv,UnAv
25,arrogant,arrogante,2.07,1.17,5.83,1.83,4.14,1.80,9,4,A,6.07,0,UnAv,UnAv,UnAv
643,art,arte,7.09,1.59,5.31,2.20,4.92,1.80,4,2,N,114.46,4,6.25,3.03,4.59
626,ace,as,6.41,2.21,5.51,2.28,5.17,2.27,2,1,N,0,0,UnAv,UnAv,UnAv
738,elevator,ascensor,4.99,1.80,4.71,1.63,4.73,1.90,8,3,N,20.54,0,7,6.38,5.97
141,embattled,asediado,2.40,1.42,6.18,1.79,3.51,1.92,8,4,V/A,0,0,UnAv,UnAv,UnAv
26,assassin,asesinar,1.18,0.55,7.44,2.15,2.72,2.46,8,4,V,4.64,0,UnAv,UnAv,UnAv
244,killer,asesino,1.23,0.52,7.49,2.13,2.16,1.86,7,4,N,20.89,1,4.75,6.15,4.65
418,suffocate,asfixiarse,1.48,1.07,7.80,1.68,2.33,1.88,10,4,V,0,0,UnAv,UnAv,UnAv
380,seat,asiento,5.70,1.49,4.00,1.79,5.77,1.74,7,3,N,41.61,1,6.4,5.56,6
28,astonished,asombrado,5.52,1.82,5.96,1.72,4.26,1.83,9,4,A,0,0,UnAv,UnAv,UnAv
966,rough,áspero,3.27,1.81,4.53,1.79,4.39,2.14,6,3,A,6.43,1,UnAv,UnAv,UnAv
124,disgusted,asqueado,1.81,1.24,5.58,2.32,4.32,2.19,8,4,A,0,0,UnAv,UnAv,UnAv
895,nasty,asqueroso,1.86,1.12,6.13,1.87,4.12,1.89,9,4,A/N,3.39,1,UnAv,UnAv,UnAv
501,astronaut,astronauta,5.67,1.48,5.38,1.73,3.93,1.78,10,4,N,4.29,0,5.72,6.38,6.28
604,scared,asustado,2.54,1.54,6.56,2.26,3.12,1.90,8,4,A,0,1,UnAv,UnAv,UnAv
76,coffin,ataúd,1.63,1.28,6.06,2.49,2.81,2.14,5,3,N,5.54,1,5.51,6.23,5.35
432,terrified,aterrorizado,1.96,1.41,6.79,2.55,2.64,2.25,12,6,A,0,0,UnAv,UnAv,UnAv
933,penthouse,ático,6.74,1.56,5.00,2.17,4.99,2.23,5,3,N,1.79,2,UnAv,UnAv,UnAv
964,robber,atracador,2.02,1.62,7.32,1.83,2.34,1.58,9,4,N,0.36,0,UnAv,UnAv,UnAv
45,bold,atrevido,6.51,1.81,6.71,1.76,5.38,2.07,8,4,V/A,10,1,UnAv,UnAv,UnAv
921,outrage,atrocidad,1.74,1.27,6.68,1.72,3.22,2.10,9,4,N,1.43,0,UnAv,UnAv,UnAv
716,daylight,aurora,7.29,1.66,4.92,2.38,4.87,2.43,6,3,N,5.18,1,3.8,4.95,4.41
541,bus,autobús,4.51,1.49,5.00,2.00,4.43,1.97,7,3,N,19.64,1,6.63,6.65,6.3
645,avalanche,avalancha,2.46,1.37,7.20,1.71,2.48,1.59,9,4,N,6.61,0,5.25,4.64,5.61
769,greed,avaricia,2.44,1.79,5.54,1.94,4.14,1.88,8,4,N,2.86,0,4.64,4.67,3.81
646,avenue,avenida,4.86,1.70,5.01,1.92,4.16,2.02,7,4,N,13.75,1,5.59,5.46,5.35
630,adventure,aventura,7.76,1.26,7.62,1.55,5.48,2.65,8,4,N,39.82,0,6,3.61,4.68
386,shamed,avergonzado,2.51,1.50,5.59,2.19,3.44,1.91,11,5,V/A,6.25,1,UnAv,UnAv,UnAv
539,plane,avión,6.13,1.94,6.07,1.90,4.96,2.36,5,3,N,50.36,1,6.26,6.2,5.83
484,wasp,avispa,2.54,1.86,7.01,2.00,3.12,2.10,6,3,N,0.36,0,UnAv,UnAv,UnAv
1002,sugar,azúcar,6.68,1.87,5.59,1.92,5.67,2.02,6,3,N,26.07,1,6.63,6.44,6.5
544,blue,azul,7.01,1.95,3.99,2.25,5.39,1.98,4,2,A,73.39,0,UnAv,UnAv,UnAv
507,dancer,bailarín,7.14,1.77,6.52,2.29,5.43,2.38,8,3,N,6.07,1,4.47,5.83,5.79
673,bullet,bala,2.01,1.50,7.18,1.83,3.59,2.50,4,2,N,11.61,19,5.52,5.6,5.61
32,bankrupt,bancarrota,1.63,1.09,6.11,2.61,2.69,1.95,10,4,N,1.61,0,UnAv,UnAv,UnAv
655,bench,banco,5.14,1.83,4.38,1.83,5.09,1.95,5,2,N,46.96,6,6.35,4.3,5.68
753,flag,bandera,4.92,1.80,4.36,1.92,5.04,1.85,7,3,N,34.46,1,4.74,6.61,6.06
652,bathtub,bañera,6.76,1.69,3.66,2.10,5.94,1.97,6,3,N,6.61,1,6.6,6.22,6.67
502,bath,baño,7.21,1.52,4.08,2.55,6.59,2.09,4,2,N,49.11,5,6.29,5.21,6.35
650,bar,bar,6.53,1.74,6.02,1.56,5.32,2.00,3,1,N,53.21,9,6.3,5.92,6.63
388,ship,barco,6.00,1.79,5.08,1.97,5.02,1.99,5,2,N,47.68,8,5.33,5.97,6.16
651,barrel,barril,4.73,1.71,4.12,1.85,4.90,1.95,6,2,N,2.14,3,UnAv,UnAv,UnAv
33,bastard,bastardo,2.89,1.65,5.30,1.79,4.20,2.06,8,3,A,3.21,1,3.28,4.86,3.1
690,coarse,basto,3.07,1.82,4.57,2.05,4.66,1.96,5,2,A/N,1.07,9,UnAv,UnAv,UnAv
677,cane,bastón,3.83,1.78,4.09,2.05,5.19,2.31,6,2,N,11.79,1,5.37,6.13,6.59
615,trash,basura,2.06,1.50,4.31,2.15,4.42,2.24,6,3,N,21.61,1,6.35,6,UnAv
31,baby,bebé,7.60,1.88,5.54,2.35,5.31,2.21,4,2,N,16.96,2,6.04,6.15,6.81
657,beverage,bebida,6.26,1.95,5.62,2.32,5.39,2.41,6,3,N,12.14,2,6.5,4.22,5.64
35,beauty,belleza,7.47,1.54,5.76,2.10,5.13,2.07,7,3,N,72.68,0,6.08,3.08,4.38
42,bless,bendecir,5.70,2.24,4.37,2.15,4.80,2.64,8,3,V,1.07,0,UnAv,UnAv,UnAv
248,kiss,beso,8.43,1.06,7.71,1.64,6.16,2.45,4,2,N,29.46,6,7,5.21,6.31
653,beast,bestia,2.80,2.05,6.88,1.91,2.87,2.01,6,2,N,14.11,0,6.21,4.27,5.81
542,white,blanco,6.10,1.68,3.99,2.23,5.50,1.95,6,2,A/N,116.25,3,6.19,4.93,5.62
659,blasphemy,blasfemia,2.79,1.73,5.57,1.90,4.40,2.01,9,3,N,5.89,0,4.18,4.72,2.97
491,wedding,boda,6.87,1.78,5.91,1.99,5.64,2.06,4,2,N,22.86,14,UnAv,UnAv,UnAv
681,cellar,bodega,5.23,1.80,4.54,1.91,5.18,1.80,6,3,N,7.68,0,6.01,5.64,5.8
396,slap,bofetada,2.06,1.59,7.16,1.69,4.67,2.54,8,4,N,4.82,0,UnAv,UnAv,UnAv
46,bomb,bomba,1.42,1.02,7.79,1.87,2.22,2.25,5,2,N,26.25,4,5.23,5.07,5.78
566,lightbulb,bombilla,5.29,1.16,4.59,1.84,5.81,1.75,8,3,N,5.36,0,6.77,6.31,6.1
666,bottle,botella,5.10,1.49,4.68,1.85,5.44,1.87,7,3,N,31.61,0,6.34,5.91,6.68
585,boxer,boxeador,3.62,1.86,5.02,2.18,3.90,1.99,8,4,N,3.04,0,UnAv,UnAv,UnAv
642,arm,brazo,5.37,1.17,4.83,1.70,5.58,1.69,5,2,N,71.79,4,6.64,5.91,6
671,bright,brillante,7.03,1.49,5.74,1.84,5.61,1.98,9,3,A,38.75,0,5.22,4.31,5.07
1040,zest,brío,5.78,2.14,5.77,2.24,5.32,2.08,4,2,N,4.46,1,UnAv,UnAv,UnAv
669,breeze,brisa,7.31,1.58,4.51,2.55,4.99,2.47,5,2,N,18.21,4,5.72,4.85,5.19
53,brutal,brutal,1.90,1.49,6.68,2.05,3.90,2.32,6,2,A,14.46,1,UnAv,UnAv,UnAv
510,diver,buceador,5.52,1.81,5.22,2.10,4.83,2.05,8,4,N,0.36,0,UnAv,UnAv,UnAv
766,good,bueno,7.92,1.20,4.87,2.64,6.53,1.96,5,2,A,202.86,2,UnAv,UnAv,UnAv
522,owl,búho,5.92,1.75,4.59,2.10,4.22,2.06,4,2,N,4.46,1,5.15,6.25,6.06
854,lump,bulto,3.10,1.69,5.29,2.19,3.71,1.89,5,2,N,13.39,3,4.79,3.83,4.68
360,ridicule,burla,2.20,1.35,6.21,2.15,3.94,2.12,5,2,N,10.54,4,6.48,3.3,4.21
214,horse,caballo,6.36,2.04,5.66,2.17,4.78,2.02,7,3,N,63.21,2,5.65,6.21,6.61
698,cord,cable,4.53,1.42,4.40,1.77,5.17,1.84,5,2,N,13.93,3,5.49,5.83,5.72
336,puppy,cachorro,7.21,2.11,5.69,2.32,5.86,1.90,8,3,N,3.21,2,5.52,5.1,6.42
86,corpse,cadáver,1.41,0.75,6.87,2.18,2.54,1.85,7,3,N,38.39,1,3.95,6.45,5.73
743,fall,caída,2.26,1.28,6.17,2.01,3.42,2.26,5,3,N,45.36,1,6.45,4.27,5.81
950,quality,calidad,6.78,1.73,5.02,1.88,5.68,1.92,7,3,N,75,2,5.22,3.25,3.55
339,quiet,callado,4.03,1.87,3.57,1.90,4.76,2.18,7,3,V/A,10.71,9,UnAv,UnAv,UnAv
412,street,calle,5.53,1.63,5.43,2.02,5.24,1.79,5,2,N,239.29,5,6.8,5.86,5.91
637,alley,callejón,3.46,1.92,5.58,2.11,4.03,2.07,8,3,N,6.61,1,5.9,6.35,5.81
988,soothe,calmar,6.60,1.85,3.56,2.31,5.80,1.97,6,2,V,3.21,4,UnAv,UnAv,UnAv
483,warmth,calor,5.92,2.10,5.66,2.15,4.44,2.19,5,2,N,82.14,3,6.66,3.73,5.68
549,bed,cama,7.71,1.42,4.57,2.96,6.02,2.44,4,2,N,136.43,20,6.41,6.07,7
577,truck,camión,4.67,1.37,4.56,1.71,4.87,1.62,6,3,N,21.43,1,6.26,6.53,6.52
682,champ,campeón,7.29,1.82,6.84,2.09,6.09,2.37,7,3,N,27.86,1,6.22,4.65,5
558,field,campo,7.23,1.58,4.18,2.56,5.97,2.21,5,2,N,184.64,2,6.33,4.6,5.94
60,cancer,cáncer,1.23,0.91,6.18,2.85,1.91,1.84,6,2,N,68.75,1,6.3,5.21,4.55
987,song,canción,8.01,1.19,6.61,2.49,6.44,2.04,7,3,N,31.25,1,6.36,5.01,5.33
490,weary,cansado,2.47,1.22,2.58,1.79,4.17,2.05,7,3,V/A,23.21,3,UnAv,UnAv,UnAv
678,cannon,cañón,2.74,1.65,6.04,2.09,3.51,2.22,5,2,N,11.96,0,4.41,5.56,5.58
684,chaos,caos,2.00,1.67,7.02,2.03,2.60,2.10,4,2,N,18.21,0,4.49,3.47,4.86
62,capable,capaz,7.52,1.08,5.92,2.34,6.70,1.84,5,2,A,161.79,3,UnAv,UnAv,UnAv
516,infatuation,capricho,5.92,2.28,6.21,1.72,5.42,2.23,8,3,N,12.5,0,6.04,3.25,4.24
556,face,cara,6.02,1.54,5.11,1.73,5.03,1.99,4,2,N,223.39,21,6.91,4.78,6.25
61,candy,caramelo,7.33,1.32,4.41,2.23,6.11,1.90,8,4,N,2.86,0,UnAv,UnAv,UnAv
236,jail,cárcel,1.87,1.22,5.18,2.22,3.41,2.33,6,2,N,51.43,2,5.7,5.77,5.72
64,caress,caricia,8.27,0.92,6.04,2.82,6.68,1.81,7,3,N,6.79,0,5.77,5.35,5.2
94,cuddle,cariñoso,8.41,0.86,6.21,2.61,6.09,2.04,8,4,A,5.18,1,UnAv,UnAv,UnAv
562,highway,carretera,5.00,1.95,5.60,1.84,4.82,1.99,9,4,N,42.32,1,6.29,5.99,6.2
1029,wagon,carro,4.53,1.42,4.18,1.70,5.26,1.67,5,2,N,19.82,11,5.41,5.54,5.96
679,carcass,carroña,2.08,1.48,5.09,2.01,4.52,1.89,7,3,N,2.68,2,4.57,4.4,4.05
846,letter,carta,6.79,1.73,5.99,2.20,5.72,1.93,5,2,N,84.29,14,6.56,5.67,6.02
563,house,casa,7.03,1.79,4.69,2.42,6.12,2.35,4,2,N,629.82,23,6.7,5.56,6.46
487,waterfall,cascada,7.20,1.77,5.20,2.52,4.68,2.43,7,3,N,8.75,2,5.23,6.16,6.25
680,casino,casino,4.84,2.09,4.80,2.35,4.30,2.31,6,3,N,6.79,2,3.89,6.09,5.42
87,cottage,casita,6.69,1.71,4.50,2.07,5.84,1.76,6,3,N,0,5,UnAv,UnAv,UnAv
335,punishment,castigo,1.87,1.10,6.41,1.97,3.72,2.28,7,3,N,22.86,1,6.17,4.46,4.63
237,jealousy,celos,2.27,1.56,6.87,2.33,3.10,2.11,5,2,N,0,0,UnAv,UnAv,UnAv
587,cell,célula,4.91,1.65,4.39,1.85,4.37,2.02,6,3,N,36.79,1,6.28,5.59,4.44
65,cemetery,cementerio,2.06,1.62,5.01,2.59,3.19,2.48,10,4,N,21.07,0,6.01,6.27,6.4
509,dinner,cena,6.58,1.79,5.14,2.20,5.81,2.02,4,2,N,37.14,15,6.68,6.19,6.31
937,pig,cerdo,3.71,1.90,4.67,1.93,4.52,1.89,5,2,N/A,13.93,5,6.24,5.36,5.78
841,lawn,césped,6.31,1.56,4.03,1.97,5.81,1.91,6,2,N,13.21,1,5.67,5.89,6.55
547,basket,cesta,5.18,1.65,3.79,1.78,5.82,1.89,5,2,N,6.79,7,5.76,5.82,6.13
1026,vest,chaleco,4.92,1.27,4.30,1.40,5.36,1.82,7,3,N,13.39,0,6.15,5.95,6.46
567,mushroom,champiñón,4.88,1.92,4.23,1.98,5.11,2.04,9,3,N,0.54,0,UnAv,UnAv,UnAv
40,blackmail,chantaje,2.13,1.68,5.92,2.33,3.76,2.24,8,3,N,4.11,0,UnAv,UnAv,UnAv
185,girl,chica,5.97,1.76,4.92,1.89,5.10,1.54,5,2,N,75.71,6,6.51,5.51,6.48
50,boy,chico,7.13,1.62,6.54,1.76,5.42,1.92,5,2,N,63.39,7,6.31,5.42,6.85
857,madman,chiflado,4.03,2.09,5.59,1.89,3.31,2.00,8,3,A/N,0.89,2,UnAv,UnAv,UnAv
980,shriek,chillido,2.78,1.75,6.78,1.92,4.58,2.15,8,3,N,2.14,1,5.27,5.49,5.16
826,joke,chiste,7.20,1.52,5.97,2.16,5.59,2.16,6,2,N,10.89,1,6.4,4.94,4.75
505,chocolate,chocolate,7.72,1.54,6.10,2.33,5.84,2.41,9,4,N,14.82,0,6.67,6.09,6.62
89,crash,choque,2.01,1.14,6.93,1.89,3.14,1.99,6,2,N,15,2,5.9,4.86,5.14
973,scar,cicatriz,3.01,1.96,5.01,2.33,3.88,2.28,8,3,N,5.89,0,5.06,5.72,5.94
98,cyclone,ciclón,2.13,1.45,6.34,2.20,2.04,1.80,6,2,N,13.39,1,3.43,5.53,4.64
43,blind,ciego,2.41,1.80,5.21,1.91,3.24,2.06,5,2,A/N,30.89,6,5.97,5.66,5.62
205,heaven,cielo,7.56,1.48,4.56,2.42,4.48,2.64,5,2,N,110.71,5,6.26,5.12,6.27
363,roach,ciempiés,4.12,2.08,4.88,2.04,4.26,1.92,8,2,N,0.54,1,UnAv,UnAv,UnAv
400,slime,cieno,3.77,1.57,4.51,1.44,4.22,1.60,5,2,N,0.54,2,UnAv,UnAv,UnAv
72,circus,circo,6.20,1.82,5.56,2.13,4.72,2.05,5,2,N,14.82,5,6.14,5.14,6.54
687,circle,círculo,4.82,1.47,4.20,1.66,4.92,1.69,7,3,N,26.43,1,6.01,5.49,5.47
612,surgery,cirugía,3.08,1.96,5.70,2.13,3.68,2.28,7,4,N,13.21,1,5.79,5.39,5.63
73,city,ciudad,5.66,1.67,5.97,1.67,4.56,2.02,6,2,N,271.07,0,6.56,5.3,6.19
703,coward,cobarde,2.56,1.39,5.49,1.98,4.10,2.18,7,3,A/N,6.79,0,4.51,3.91,3.85
551,car,coche,6.67,1.72,5.83,2.03,4.93,2.33,5,2,N,122.86,3,6.59,5.52,6.47
709,cuisine,cocina,5.71,2.00,4.93,1.94,5.61,2.00,6,3,N,65.18,4,6.35,6.02,6.01
697,cook,cocinero,5.99,1.56,5.11,2.05,5.38,1.80,8,4,N,5.54,1,5.76,6.36,6.36
737,elbow,codo,4.59,1.28,4.26,1.56,5.28,1.72,4,2,N,7.5,17,5.63,5.57,4.27
819,intercourse,coito,7.26,2.20,7.58,1.78,6.07,2.35,5,2,N,4.82,4,4.3,6.3,6.25
342,rage,cólera,2.11,1.90,7.58,1.77,3.64,2.38,6,3,N,13.93,1,3.09,4,4.2
694,color,color,6.77,1.76,5.84,2.11,5.52,2.11,5,2,N,128.75,4,6.51,3.75,5.2
695,column,columna,4.71,1.57,4.14,1.74,5.29,1.87,7,3,N,37.5,0,5.86,5.09,6.61
77,comedy,comedia,7.71,1.46,6.33,1.99,5.62,1.95,7,3,N,21.43,1,5.6,4.59,4.87
136,eat,comer,7.18,1.48,5.53,1.94,5.82,1.94,5,2,V,86.96,3,6.9,5.49,6.29
514,food,comida,6.77,1.70,5.50,2.06,5.09,1.98,6,3,N,61.25,6,6.76,4.43,6
143,engaged,comprometido,6.23,1.98,5.47,1.89,6.38,1.94,12,5,V/A,8.04,1,UnAv,UnAv,UnAv
78,concentrate,concentrado,6.12,1.75,5.21,2.09,6.23,2.02,11,4,V/A,8.75,1,UnAv,UnAv,UnAv
54,bunny,conejito,6.46,1.52,4.88,2.23,5.03,1.91,8,4,N,0,0,UnAv,UnAv,UnAv
527,rabbit,conejo,6.18,1.50,5.02,1.88,4.81,2.05,6,3,N,6.61,2,6.02,6.36,6.02
457,trust,confianza,7.78,1.43,5.29,2.54,5.77,2.04,9,3,N,63.39,0,6.56,4.3,5.01
696,comfort,confort,8.04,1.27,3.56,2.42,6.63,1.59,7,2,N,0,0,UnAv,UnAv,UnAv
80,confused,confuso,2.78,1.44,5.78,1.94,3.28,1.88,7,3,A,11.79,2,UnAv,UnAv,UnAv
249,knowledge,conocimiento,7.73,1.48,6.29,2.08,7.22,1.72,12,5,N,113.04,0,6.03,2.56,1.64
437,thoughtful,considerado,6.99,1.62,4.77,1.98,5.07,2.20,11,5,V/A,29.64,1,UnAv,UnAv,UnAv
850,locker,consigna,4.79,1.53,4.69,1.48,4.89,1.53,8,3,N,8.04,0,3.94,4.38,3.68
81,consoled,consolado,5.54,1.94,4.49,1.92,5.06,1.81,9,4,V,0,1,UnAv,UnAv,UnAv
321,pollute,contaminar,1.58,1.13,6.56,1.85,4.60,2.57,10,4,V,0.54,0,UnAv,UnAv,UnAv
83,contents,contenido,5.21,1.80,4.27,2.15,4.63,1.99,9,4,V/A/N,64.82,2,5.91,3.31,3.89
84,context,contexto,5.00,1.26,4.89,1.20,5.01,1.60,8,3,N,24.29,1,5.05,3.16,2.88
79,confident,convencido,6.51,1.76,5.29,2.15,6.43,1.70,10,4,V/A,0,0,UnAv,UnAv,UnAv
754,flirt,coqueto,5.79,1.69,5.13,1.77,5.30,1.84,7,3,A/N,0.54,1,UnAv,UnAv,UnAv
787,heart,corazón,6.64,1.86,6.22,1.99,4.84,2.23,7,3,N,151.43,1,6.76,6.01,6.15
699,cork,corcho,4.93,1.48,4.16,1.81,5.20,1.85,6,2,N,3.93,1,UnAv,UnAv,UnAv
837,lamb,cordero,5.38,1.65,4.74,1.44,5.06,1.57,7,3,N,9.11,1,6.2,6.01,5.96
90,crown,corona,5.21,1.95,4.48,1.97,4.64,2.28,6,3,N,25.36,2,3.07,5.43,5.54
571,runner,corredor,4.08,2.02,5.50,2.23,4.22,2.32,8,3,N,24.82,0,5.65,4.32,5.37
859,mail,correo,6.43,1.72,5.54,1.97,4.76,1.93,6,3,N,9.46,3,5.33,5.46,4.96
702,corrupt,corrupto,2.08,1.46,6.14,2.03,3.38,2.41,8,3,A/N,1.61,1,UnAv,UnAv,UnAv
711,cut,corte,2.88,1.63,6.00,2.10,3.90,1.75,5,2,N,46.61,6,5.86,3.58,4.46
320,politeness,cortesía,6.92,1.33,4.80,1.92,5.76,1.83,8,4,N,15.54,1,4.86,3.41,3.68
710,curtains,cortina,4.79,1.24,4.08,1.55,5.22,1.89,7,3,N,12.32,1,5.63,6.18,5.62
691,coast,costa,7.23,1.98,4.87,2.76,4.90,2.54,5,2,N,49.29,9,5.46,5.01,5.38
96,custom,costumbre,5.43,1.81,4.32,2.04,5.76,2.17,9,3,N,42.5,0,6.35,5.07,3.9
767,gossip,cotilleo,4.19,2.24,5.72,1.99,4.64,2.40,8,4,N,2.32,0,5.58,4.06,5.2
608,skull,cráneo,4.42,1.76,4.94,2.03,4.63,2.04,6,3,N,10.89,1,UnAv,UnAv,UnAv
523,pancakes,crepe,6.88,1.77,5.24,1.92,5.53,2.02,5,2,N,0.36,0,UnAv,UnAv,UnAv
1022,twilight,crepúsculo,6.32,2.14,4.02,2.19,4.38,2.38,10,4,N,10.54,1,4.44,5.33,5.09
835,kids,criatura,5.93,2.15,5.39,2.01,4.73,2.00,8,3,N,22.32,1,4.73,4.32,5.05
704,crime,crimen,1.64,1.14,6.67,2.07,3.02,2.10,6,2,N,29.29,0,5.08,4.76,5.63
705,criminal,criminal,1.77,1.38,6.81,2.13,2.97,1.93,8,3,A/N,12.32,0,4.8,4.51,UnAv
706,crisis,crisis,1.88,1.31,6.41,2.04,2.94,1.78,6,2,N,137.14,0,6.36,3.7,3.95
91,crucify,crucificar,1.87,1.26,6.26,2.31,3.19,2.03,10,4,V,0.54,0,UnAv,UnAv,UnAv
92,cruel,cruel,1.77,0.97,6.63,2.02,3.73,2.13,5,1,A,21.61,0,UnAv,UnAv,UnAv
408,square,cuadrado,4.87,1.14,4.16,1.79,5.16,1.70,8,3,A/N,12.5,1,6.36,5.38,6.01
75,cockroach,cucaracha,2.57,1.86,6.14,2.24,4.53,2.40,9,4,N,1.07,0,UnAv,UnAv,UnAv
596,knife,cuchillo,2.86,1.72,5.68,2.18,4.64,2.28,8,3,N,15.36,2,6.31,6.47,6.48
49,bowl,cuenco,5.01,1.31,3.89,1.72,5.34,2.17,6,2,N,3.21,2,4.57,5.21,5.67
665,body,cuerpo,6.02,1.75,5.59,1.74,5.53,2.05,6,2,N,343.39,3,6.11,4.83,6.11
747,fault,culpa,2.09,1.89,6.46,2.01,3.62,2.24,5,2,N,71.43,2,5.59,3.61,3.54
197,guilty,culpable,2.36,1.67,6.19,1.87,3.82,2.07,8,3,A/N,23.39,0,5.36,3.65,4.33
39,birthday,cumpleaños,7.54,1.58,6.74,1.85,5.74,2.10,10,4,N,13.75,1,6.82,5.69,5.53
328,priest,cura,4.52,2.36,5.08,2.16,4.99,2.15,4,2,N,38.39,15,5.91,4.31,5.47
786,heal,curar,7.66,1.62,6.27,2.24,5.67,2.10,5,2,V,10.18,2,6.44,3.87,4.26
95,curious,curioso,5.62,2.05,6.07,1.82,5.08,2.00,7,3,A/N,30.71,2,6.39,4.52,3.94
99,dagger,daga,3.66,2.11,5.84,2.02,4.63,2.26,4,2,N,1.61,10,UnAv,UnAv,UnAv
712,damage,daño,1.80,1.06,6.83,1.76,3.66,2.36,4,2,N,36.79,3,6.21,4.56,4.45
164,feeble,débil,2.56,1.40,4.99,2.10,3.46,2.16,5,2,A,32.5,1,UnAv,UnAv,UnAv
120,disappoint,decepcionar,1.57,1.25,6.01,2.48,3.64,2.51,11,4,V,0.18,0,UnAv,UnAv,UnAv
719,decorate,decorar,6.83,1.55,5.98,2.18,6.68,1.90,7,3,V,0.71,2,UnAv,UnAv,UnAv
628,addicted,dedicado,6.51,1.61,5.34,1.77,6.03,1.78,8,4,V,0,1,UnAv,UnAv,UnAv
752,finger,dedo,4.86,1.36,4.06,2.14,5.47,2.28,4,2,N,50.89,4,6.36,6.29,5.65
387,sheltered,defendido,6.17,2.33,5.28,2.13,4.90,2.42,9,4,V,8.93,1,UnAv,UnAv,UnAv
720,deformed,deforme,2.23,1.45,5.22,1.94,3.00,1.74,7,3,A,1.79,0,UnAv,UnAv,UnAv
105,delight,deleite,7.23,1.72,5.73,2.27,5.41,1.82,7,3,N,6.96,0,UnAv,UnAv,UnAv
183,gentle,delicado,5.64,2.31,4.13,2.07,5.18,2.23,8,4,A,17.32,1,UnAv,UnAv,UnAv
815,insane,demente,2.27,1.59,5.63,2.06,3.16,2.12,7,3,A/N,1.61,2,UnAv,UnAv,UnAv
106,demon,demonio,2.91,2.15,6.47,1.97,3.58,2.52,7,3,N,13.57,0,5.56,4.79,5.1
589,dentist,dentista,3.00,1.74,6.42,2.18,3.69,2.39,8,3,N,3.39,1,UnAv,UnAv,UnAv
644,athletics,deportes,6.56,1.87,6.60,1.88,6.23,2.03,8,3,N,0,0,UnAv,UnAv,UnAv
108,depression,depresión,1.56,1.12,4.88,2.96,3.04,2.49,9,4,N,21.96,1,5.8,4.31,4.59
107,depressed,deprimido,1.50,1.03,4.19,2.67,2.86,2.23,9,4,A/V,3.75,1,UnAv,UnAv,UnAv
126,displeased,desagrado,2.21,1.28,5.46,2.02,4.12,1.94,9,4,N,3.39,1,4.32,3.04,3.8
122,discouraged,desanimado,2.16,1.50,3.29,2.19,3.42,1.94,10,5,V/A,0.89,0,UnAv,UnAv,UnAv
121,disaster,desastre,1.60,1.14,6.92,2.03,3.09,2.19,8,3,N,19.11,0,5.88,4.31,4.81
468,vacation,descanso,7.52,1.81,2.76,2.39,6.54,1.89,8,3,N,32.86,1,6.68,4.75,4.62
102,decompose,descomposición,1.94,1.57,4.99,2.11,2.87,1.87,14,5,N,9.05,0,3.41,3.83,4.2
375,scorn,desdén,3.08,1.84,5.00,2.10,3.77,1.64,6,2,N,11.61,1,2.63,4.42,2.7
376,scornful,desdeñoso,2.66,1.41,4.76,1.82,4.43,1.66,9,4,A,2.32,1,UnAv,UnAv,UnAv
296,nonchalant,desenfadado,6.26,1.58,5.44,1.93,5.28,2.12,11,5,A,0.71,1,UnAv,UnAv,UnAv
1034,wish,deseo,7.98,1.25,7.31,1.83,5.26,2.20,5,3,N,100.89,1,6.11,2.8,4.55
109,deserter,desertor,3.38,1.95,5.08,1.90,3.81,1.95,8,3,N,1.07,1,UnAv,UnAv,UnAv
110,despairing,desesperado,2.00,1.36,7.27,1.76,2.68,2.05,11,5,A/N/V,10.36,1,UnAv,UnAv,UnAv
125,disloyal,desleal,1.74,0.95,5.92,2.17,3.13,1.77,7,3,A,2.86,0,UnAv,UnAv,UnAv
717,dazzle,deslumbramiento,4.38,1.95,6.02,1.97,3.80,1.95,15,5,N,1.24,0,UnAv,UnAv,UnAv
520,nude,desnudo,5.48,2.21,6.43,1.85,5.30,2.01,7,3,A,27.14,1,6.04,5.56,6.47
873,messy,desordenado,3.33,1.45,5.44,2.01,4.78,2.02,11,5,A/V,3.04,1,UnAv,UnAv,UnAv
861,mangle,despedazar,2.52,1.66,6.29,2.03,4.16,2.20,10,4,V,0.18,0,UnAv,UnAv,UnAv
485,waste,desperdicio,2.70,1.99,4.52,2.00,4.43,1.91,11,4,N,1.61,0,UnAv,UnAv,UnAv
111,despise,despreciar,1.98,1.61,5.79,1.95,4.50,2.09,10,3,V,4.11,0,4.22,3.72,3.33
63,carefree,despreocupado,5.07,2.69,4.00,2.23,4.67,2.42,13,6,A,1.95,0,UnAv,UnAv,UnAv
723,destruction,destrucción,1.50,0.88,6.70,2.07,2.53,1.96,11,4,N,29.29,1,5.31,4.44,5.41
112,destroy,destruir,2.09,1.40,6.29,2.08,3.97,2.21,8,2,V,13.93,0,5.81,3.92,4.95
779,handicap,desventaja,2.34,1.45,5.37,2.05,3.43,1.85,10,4,N,3.57,0,5.45,3.25,3.12
892,naked,desvestido,5.12,2.53,6.02,2.14,4.90,2.30,10,4,V,0,0,UnAv,UnAv,UnAv
724,detail,detalle,6.33,1.88,5.62,2.09,5.31,2.04,7,3,N,30.89,0,5.54,3.38,4.04
114,detest,detestar,2.18,1.61,5.77,2.15,4.13,2.06,8,3,V,0.71,1,UnAv,UnAv,UnAv
101,debt,deuda,1.92,1.08,6.09,2.06,4.26,2.45,5,2,N,18.93,0,5.81,4.51,3.87
116,devoted,devoto,4.22,2.06,4.16,1.90,4.76,2.23,6,3,A/N,3.39,1,4.82,4.57,4.21
115,devil,diablo,2.70,1.74,6.17,1.79,3.49,2.24,6,2,N,15.89,1,5.73,5.37,5.43
117,diamond,diamante,6.69,2.13,4.96,2.24,4.81,2.14,8,3,N,6.96,0,UnAv,UnAv,UnAv
660,bliss,dicha,6.70,1.90,5.51,2.38,5.16,2.04,5,2,N,45.36,5,4.72,2.81,3.2
790,hinder,dificultar,2.21,1.44,6.21,1.96,4.22,2.19,10,4,V,1.25,1,UnAv,UnAv,UnAv
118,dignified,digno,7.00,1.71,4.76,2.01,6.02,1.86,5,2,A,19.29,2,UnAv,UnAv,UnAv
282,money,dinero,7.46,1.63,6.40,1.92,5.50,2.40,6,3,N,206.96,1,6.71,5.7,6.2
190,god,díos,5.59,2.20,4.29,2.39,4.00,2.80,4,2,N,0,1,UnAv,UnAv,UnAv
119,diploma,diploma,7.46,1.93,6.10,2.20,6.01,1.99,7,3,N,2.14,0,UnAv,UnAv,UnAv
465,upset,disgustado,2.19,1.40,5.46,2.37,3.49,2.06,10,4,V/A,1.79,1,UnAv,UnAv,UnAv
13,aloof,distante,2.73,1.71,4.48,1.80,4.46,2.32,8,3,A,14.29,0,UnAv,UnAv,UnAv
361,riot,disturbio,2.57,2.00,6.64,1.83,3.31,2.23,9,3,N,0,0,UnAv,UnAv,UnAv
759,fun,diversión,8.32,1.15,7.68,1.70,6.23,1.99,9,4,N,11.07,1,6.41,3.69,5.53
128,divorce,divorcio,2.28,1.45,6.46,1.91,3.64,2.10,8,3,N,10.18,0,5.52,5.2,4.26
129,doctor,doctor,4.77,2.18,5.62,1.81,4.30,2.12,6,2,N,90.36,0,6.03,4.57,5.44
729,dollar,dólar,5.68,2.34,5.12,1.76,4.89,2.11,5,2,N,6.61,1,UnAv,UnAv,UnAv
804,illness,dolencia,1.83,1.19,5.69,2.36,2.74,1.84,8,3,N,5.36,1,4.97,4.33,4.43
301,pain,dolor,1.61,1.46,6.40,2.59,2.60,2.12,5,2,N,99.29,3,6.51,3.5,5.24
399,sleep,dormir,7.79,1.67,2.51,2.43,5.78,2.51,6,2,V,60.54,0,6.61,5.19,6.22
781,hard,duro,4.24,1.89,5.14,1.82,4.96,1.93,4,2,A,63.75,5,6.55,3.43,5.22
550,building,edificio,4.97,1.25,4.48,1.55,5.12,1.78,8,4,N,58.57,0,6.01,5.44,6.56
137,education,educación,7.07,1.84,5.73,2.00,6.48,1.97,9,5,N,61.96,1,6.69,3.9,3.91
503,cash,efectivo,6.80,1.46,5.40,2.07,6.04,1.85,8,4,A/N,10.18,3,5.72,3.27,3.31
382,selfish,egoísta,2.12,1.17,6.04,1.79,4.18,2.04,7,4,A/N,7.14,1,UnAv,UnAv,UnAv
154,execution,ejecución,2.48,2.13,6.68,2.04,3.96,2.63,9,5,N,11.61,1,5.27,4.25,5.34
155,exercise,ejercicio,5.70,1.99,6.33,1.97,6.26,1.87,9,4,N,58.93,0,6.52,4.05,5.7
23,army,ejército,2.49,1.74,5.79,2.26,3.19,2.09,8,4,N,84.29,1,5.57,5.57,5.55
641,appliance,electrodoméstico,5.10,1.28,4.02,1.62,5.32,1.91,16,7,N,0.35,0,UnAv,UnAv,UnAv
139,elegant,elegante,7.23,1.50,5.03,2.11,6.11,2.19,8,4,A,21.96,1,UnAv,UnAv,UnAv
147,employment,empleo,6.34,2.18,5.76,2.09,5.21,2.20,6,3,N,46.43,1,6.29,5.09,4.42
469,valentine,enamorado,8.33,1.20,7.32,2.31,4.56,2.84,9,5,V/A/N,21.43,1,6.24,3.83,5.58
68,charm,encanto,7.68,1.31,5.86,2.27,5.86,1.74,7,3,N,18.21,1,5.48,3.37,3.51
476,vigorous,enérgico,7.16,1.50,6.88,1.87,5.56,2.24,8,4,A,5.71,1,UnAv,UnAv,UnAv
18,angry,enfadado,2.20,1.19,6.61,2.22,3.84,2.20,8,4,V,0,0,UnAv,UnAv,UnAv
17,anger,enfado,2.50,1.72,7.33,1.76,4.40,2.17,6,3,N,3.21,0,UnAv,UnAv,UnAv
390,sickness,enfermedad,1.51,0.93,6.10,2.61,2.44,1.90,10,4,N,111.25,0,6.45,3.56,5.01
538,nurse,enfermera,4.83,1.97,5.66,1.81,4.74,2.25,9,4,N,13.57,1,6.39,6.6,6.67
607,sick,enfermo,1.61,0.86,4.50,2.62,3.01,1.98,7,3,N/A,50.36,1,5.94,5.25,6.05
149,enraged,enfurecido,2.02,1.23,7.48,1.55,3.76,2.37,10,5,V,0,0,UnAv,UnAv,UnAv
718,deceit,engaño,1.89,1.34,6.61,2.02,3.58,2.33,6,3,N,12.32,1,5.49,4.71,4.01
123,disdainful,engreído,2.16,1.52,6.06,1.91,4.08,2.16,8,4,A,0.89,1,UnAv,UnAv,UnAv
369,salad,ensalada,6.12,1.91,4.17,2.11,5.84,2.34,8,4,N,4.29,3,6.54,5.09,6.01
56,burial,entierro,1.36,1.04,6.32,2.59,2.40,1.82,8,3,N,12.68,1,5.9,5.41,6.05
674,busybody,entrometido,2.72,1.69,6.07,1.65,4.09,1.96,11,5,A/N,0.89,1,UnAv,UnAv,UnAv
152,excitement,entusiasmo,7.86,1.35,7.49,1.70,5.87,1.97,10,4,N,43.04,0,5.21,4.42,3.98
512,erotic,erótico,7.44,1.42,7.47,1.64,5.84,2.26,7,4,A,10.18,1,UnAv,UnAv,UnAv
880,mistake,error,2.62,1.88,6.40,2.05,3.71,2.07,5,2,N,56.61,1,6.69,3.5,3.75
374,scholar,erudito,5.83,1.87,4.80,1.73,5.17,2.08,7,4,N/A,3.93,1,2.49,4.34,3.47
971,scandal,escándalo,3.47,1.87,6.32,1.79,3.63,1.86,9,4,N,39.46,1,6.45,4.71,4.67
395,skeptical,escéptico,4.22,1.85,4.97,1.72,4.63,1.96,9,4,A/N,5.36,1,4.81,3.54,2.6
398,slave,esclavo,1.62,1.35,5.97,2.39,3.39,2.44,7,3,N,12.86,1,5.32,5.25,5.89
207,hide,esconder,3.63,1.73,5.28,1.82,4.43,2.08,8,3,V,5.36,0,6,4.03,4.66
979,shotgun,escopeta,2.32,1.73,6.33,2.07,4.16,2.56,8,4,N,9.64,0,3.61,5.86,6.32
378,scurvy,escorbuto,2.22,1.73,5.21,2.23,3.40,2.06,9,4,N,0.54,0,UnAv,UnAv,UnAv
377,scum,escoria,1.87,1.54,5.53,2.17,4.22,2.30,7,3,N,1.07,0,UnAv,UnAv,UnAv
976,scorpion,escorpión,2.86,1.96,7.13,2.02,3.16,2.01,9,4,N,1.43,1,UnAv,UnAv,UnAv
1036,writer,escritor,6.47,1.64,4.74,1.84,5.10,1.84,8,3,N,81.79,0,6.08,5.54,6.01
991,sphere,esfera,5.27,1.62,4.24,1.71,4.84,1.80,6,3,N,15,2,5.26,4.65,5.9
574,space,espacio,6.30,1.74,5.14,2.09,4.66,2.14,7,3,N,134.46,0,6.09,2.86,4.92
131,dreadful,espantoso,2.18,1.98,6.54,1.87,3.93,2.10,9,4,A,7.86,1,UnAv,UnAv,UnAv
794,hope,esperanza,8.11,1.11,6.59,2.27,5.79,2.39,9,4,N,78.39,0,5.98,3.43,3.9
212,hopeful,esperanzado,7.41,1.33,6.24,2.21,5.69,1.95,11,5,A,1.07,1,UnAv,UnAv,UnAv
436,thorn,espina,2.64,1.74,5.80,2.00,4.28,2.04,6,3,N,7.14,4,5.75,5.28,5.6
406,spirit,espíritu,5.51,2.28,4.86,2.30,4.27,2.24,8,4,N,86.61,1,5.09,3.67,3.23
1031,wife,esposa,5.61,2.21,4.88,2.15,5.41,2.30,6,3,N,69.64,2,4.95,5.27,5.54
407,spouse,esposo,6.03,2.24,5.50,1.97,5.41,2.00,6,3,N,18.39,2,4.64,5.5,5.73
756,foam,espuma,6.47,1.87,4.84,2.29,5.66,1.89,6,3,N,12.86,0,4.73,4.79,6.32
700,corner,esquina,4.47,1.09,4.57,1.55,4.76,1.60,7,3,N,40,3,6.11,5.41,6.26
994,stagnant,estancado,2.63,1.60,4.57,2.47,3.84,2.22,9,4,V,0.89,1,UnAv,UnAv,UnAv
995,statue,estatua,5.32,1.98,3.94,2.15,4.92,2.40,7,3,N,14.11,1,4.66,6.07,6.05
865,manure,estiércol,2.02,1.37,4.64,2.27,4.40,2.16,9,3,N,3.39,1,4.42,6.4,5.33
998,stomach,estómago,4.39,1.58,4.73,1.59,4.63,1.90,8,4,N,34.64,1,5.65,6.49,5.42
409,star,estrella,7.52,1.44,4.60,2.58,4.48,2.59,8,3,N,40.54,0,5.66,5.05,5.9
438,thrill,estremecerse,3.67,2.44,6.17,2.27,3.27,1.95,12,5,V,0,0,UnAv,UnAv,UnAv
413,stress,estrés,1.83,1.06,7.32,2.00,3.13,2.17,6,2,N,12.32,1,5.57,4.36,4.12
1001,stove,estufa,6.37,1.57,3.74,1.92,5.98,1.99,6,3,N,2.5,2,6.34,6.05,5.94
415,stupid,estúpido,2.60,1.54,5.58,1.96,3.86,2.04,8,4,A/N,9.29,1,UnAv,UnAv,UnAv
138,elated,eufórico,6.80,1.98,7.53,1.65,4.62,2.44,8,4,A,2.32,1,UnAv,UnAv,UnAv
151,excellence,excelencia,6.01,2.06,5.39,1.65,5.08,1.86,10,4,N,15.54,1,3.71,3.85,3.1
24,aroused,excitado,6.50,2.15,7.89,1.55,4.60,2.31,8,4,V,0,0,UnAv,UnAv,UnAv
153,excuse,excusa,3.14,1.69,6.11,1.71,5.06,2.16,6,3,N,14.29,2,5.58,3.56,4.06
417,success,éxito,7.69,1.79,6.83,2.16,5.79,2.33,5,3,N,103.04,1,6.26,3.81,3.8
267,luscious,exquisito,7.44,1.70,5.74,2.00,5.47,1.91,9,4,A/N,7.14,1,UnAv,UnAv,UnAv
735,ecstasy,éxtasis,4.76,2.41,6.69,2.04,4.14,2.43,7,3,N,12.86,1,5.18,4.05,4.17
521,outdoors,exterior,6.41,1.84,5.62,2.07,4.83,1.99,8,3,N,84.11,0,6.27,4.45,4.58
922,outstanding,extraordinario,7.37,1.69,6.12,1.85,5.09,2.56,14,6,A,23.27,0,UnAv,UnAv,UnAv
633,alien,extraterrestre,4.66,1.88,5.87,1.75,3.52,2.23,14,5,N,15.81,0,UnAv,UnAv,UnAv
734,easy,fácil,6.92,1.91,4.48,2.16,6.80,2.18,5,2,A,121.79,1,UnAv,UnAv,UnAv
744,false,falso ,1.73,1.24,6.17,2.31,4.16,2.11,5,2,A/N,21.61,2,UnAv,UnAv,UnAv
157,fame,fama,5.46,2.26,6.18,1.91,4.34,2.44,4,2,N,40.36,10,5.58,3.99,4.14
611,starving,famélico,2.12,1.69,5.82,2.01,3.68,2.04,8,4,A,0.54,1,UnAv,UnAv,UnAv
158,family,familia,8.18,1.09,5.31,2.49,5.89,2.47,7,3,N,210,0,6.33,5.35,6.13
745,famous,famoso,5.18,1.78,5.07,1.92,4.54,2.18,6,3,A/N,41.07,2,UnAv,UnAv,UnAv
746,fantasy,fantasía,7.39,1.50,6.96,1.65,5.46,2.39,8,4,N,25.71,2,6.31,2.96,3.83
847,lighthouse,faro,5.48,1.38,4.20,1.99,4.93,2.07,4,2,N,4.11,9,UnAv,UnAv,UnAv
785,headlight,farol,4.93,1.87,4.47,1.95,5.17,2.02,5,2,N,5.18,0,4.48,4.75,5.52
159,fascinate,fascinar,7.42,1.50,6.84,1.74,5.89,1.60,8,3,V,0.89,0,UnAv,UnAv,UnAv
936,phase,fase,4.82,1.12,4.80,1.56,4.66,1.64,4,2,N,53.57,3,5.14,3.26,3.98
20,annoy,fastidiar,2.26,1.51,5.90,2.31,4.77,2.41,9,3,V,1.43,0,UnAv,UnAv,UnAv
162,fatigued,fatigado,2.61,1.42,4.08,2.57,4.01,1.99,8,4,V,0,0,UnAv,UnAv,UnAv
748,favor,favor,6.58,1.84,5.70,1.76,5.33,2.11,5,2,N,33.21,1,6.51,4.3,3.79
200,happy,feliz,8.37,1.48,6.97,2.74,6.44,2.39,5,2,A,75,0,UnAv,UnAv,UnAv
460,ugly,feo,3.08,1.81,4.16,2.19,3.88,2.11,3,2,A,18.21,6,UnAv,UnAv,UnAv
749,festive,festivo,7.97,1.20,6.47,2.46,5.36,2.52,7,3,N,2.86,1,UnAv,UnAv,UnAv
169,foul,fétido,2.14,1.37,5.31,2.06,3.94,2.12,6,3,A,0.89,1,UnAv,UnAv,UnAv
750,fever,fiebre,1.86,1.27,4.03,2.62,2.98,2.06,6,2,N,26.43,1,5.32,5.69,4.74
305,party,fiesta,8.26,1.08,7.66,1.63,5.96,2.29,6,2,N,63.57,1,6.7,4.27,6.25
572,sky,firmamento,7.79,1.53,4.80,2.74,4.14,2.80,10,4,N,8.21,0,5.24,5.1,5
443,toothache,flemón,1.96,1.37,5.36,2.26,3.39,2.20,6,2,N,0.18,1,UnAv,UnAv,UnAv
848,limber,flexible,5.91,1.73,4.84,2.21,5.29,2.12,8,3,A,11.25,0,UnAv,UnAv,UnAv
168,flower,flor,7.34,1.67,4.46,2.36,5.69,2.09,4,1,N,33.04,1,6.74,5.37,6.25
44,blossom,florecer,7.49,1.42,5.38,2.21,4.81,2.29,8,3,V,2.32,0,5.77,4.07,5.04
167,flabby,fofo,3.01,1.60,4.02,1.97,4.49,2.06,4,2,A,0.89,6,UnAv,UnAv,UnAv
925,pamphlet,folleto,4.79,1.22,4.33,1.66,5.38,1.97,7,3,N,4.82,0,5.73,4.69,5.71
411,stink,follón,2.62,1.66,6.77,1.85,4.04,2.28,6,2,N,2.32,1,UnAv,UnAv,UnAv
780,haphazard,fortuito,5.89,1.60,5.57,2.09,3.59,2.13,8,3,A,3.39,1,UnAv,UnAv,UnAv
156,failure,fracaso,1.64,1.29,5.51,2.76,3.52,2.46,7,3,N,43.39,0,5.5,3.94,3.45
170,fragrance,fragancia,7.76,1.38,5.22,2.57,5.97,2.19,9,3,N,2.86,0,4.51,4.35,4.75
171,fraud,fraude,1.86,1.23,5.82,2.08,3.29,2.16,6,2,N,13.75,0,UnAv,UnAv,UnAv
693,cold,frío,3.21,2.04,4.98,2.30,4.33,2.74,4,2,A/N,98.75,1,UnAv,UnAv,UnAv
177,frustrated,frustrado,1.88,1.07,5.10,2.30,3.19,1.96,9,3,A/V,0,0,UnAv,UnAv,UnAv
166,fire,fuego,5.00,2.42,6.51,2.20,3.97,2.34,5,2,N,80.36,4,6.77,5.67,6.57
414,strong,fuerte,6.30,1.67,5.88,2.07,5.32,2.53,6,2,A,126.43,3,6.61,3.8,4.68
178,funeral,funeral,1.48,1.19,5.06,2.85,2.50,2.09,7,3,N,5,0,5.64,5.99,5.87
492,whore,furcia,2.66,1.84,4.86,2.17,4.23,2.40,6,2,N,1.07,0,UnAv,UnAv,UnAv
593,gun,fusil,2.08,1.27,6.41,1.93,3.26,2.16,5,2,N,5.18,2,3.37,5.92,5.78
331,profit,ganancias,7.58,1.67,6.34,2.16,5.30,2.25,9,3,N,0,0,UnAv,UnAv,UnAv
494,win,ganar,7.84,1.55,7.68,1.39,6.12,2.15,5,2,V,71.07,3,6.65,3.87,5.32
181,gangrene,gangrena,1.68,1.53,6.62,2.21,2.82,2.21,8,3,N,2.32,0,UnAv,UnAv,UnAv
517,kitten,gatito,6.96,2.14,4.86,2.36,5.73,2.32,6,3,N,0,1,UnAv,UnAv,UnAv
504,cat,gato,6.13,2.14,4.94,2.27,5.14,2.33,4,2,N,37.68,15,UnAv,UnAv,UnAv
758,frigid,gélido,3.28,1.85,4.97,2.12,4.08,2.00,6,3,A,1.43,1,UnAv,UnAv,UnAv
763,gender,género,4.87,1.58,4.90,1.65,4.84,1.73,6,3,N,49.64,1,5.77,2.55,2.57
840,lavish,generoso,7.57,1.42,5.53,2.06,5.67,2.25,8,4,A,13.75,1,UnAv,UnAv,UnAv
431,terrific,genial,7.98,1.02,6.62,2.20,6.37,2.14,6,2,A,12.14,0,UnAv,UnAv,UnAv
525,people,gente,6.53,1.64,6.24,1.88,4.57,1.90,5,2,N,278.21,3,6.5,3.82,6.63
764,germs,gérmenes,1.78,1.14,6.26,1.83,3.42,2.24,8,3,N,0,0,UnAv,UnAv,UnAv
515,gymnast,gimnasta,5.91,1.83,5.42,2.26,5.26,2.05,8,3,N,0.54,1,UnAv,UnAv,UnAv
186,glacier,glaciar,5.76,1.96,5.03,1.88,4.10,2.11,7,2,N,1.96,1,UnAv,UnAv,UnAv
187,glamour,glamour,5.94,2.15,5.51,1.95,5.47,1.67,7,2,N,0,0,UnAv,UnAv,UnAv
189,glory,gloria,6.90,1.65,5.80,1.98,5.51,2.00,6,2,N,51.43,0,5.87,2.8,3.76
145,enjoyment,goce,8.09,1.42,6.62,2.56,5.80,2.18,4,2,N,9.29,2,4.93,3.78,4.73
535,golfer,golfista,4.43,2.05,4.33,2.19,5.18,2.21,8,3,N,0.89,1,UnAv,UnAv,UnAv
594,hit,golpe,2.33,1.75,6.03,2.17,3.74,2.06,5,2,N,69.64,0,5.99,4.79,5.33
160,fat,gordo,3.56,1.71,4.89,2.11,4.84,2.05,5,2,A,23.21,5,UnAv,UnAv,UnAv
192,graduate,graduado,7.09,1.76,6.16,2.04,6.59,1.88,8,3,A/N,0.71,1,UnAv,UnAv,UnAv
771,grenade,granada,3.42,2.67,6.61,2.03,3.87,2.53,7,3,N,18.04,2,UnAv,UnAv,UnAv
557,farm,granja,5.53,1.81,4.90,2.16,5.22,1.83,6,2,N,4.11,2,4.75,5.77,4.99
978,severe,grave,1.89,1.47,6.83,2.24,3.24,2.27,5,2,A,87.68,1,UnAv,UnAv,UnAv
605,scream,grito,3.39,2.55,7.42,1.79,4.43,2.37,5,2,N,33.93,4,6.13,5.71,5.67
707,crude,grosero,2.22,1.37,5.99,2.14,4.30,2.26,7,3,A,5.36,1,UnAv,UnAv,UnAv
326,pretty,guapa,7.22,1.40,5.40,2.30,5.18,2.01,5,2,A/N,17.68,4,UnAv,UnAv,UnAv
199,handsome,guapo,7.79,1.32,6.64,1.79,5.07,2.33,5,2,A/N,15,2,UnAv,UnAv,UnAv
910,nursery,guardería,6.59,1.98,6.07,2.20,4.98,2.12,9,4,N,2.32,1,UnAv,UnAv,UnAv
482,war,guerra,1.23,0.72,7.28,2.23,2.04,1.93,6,2,N,251.61,1,6.17,5.86,5.9
196,guillotine,guillotina,1.87,1.36,6.13,2.51,3.17,2.56,10,4,N,1.96,0,UnAv,UnAv,UnAv
1033,wink,guiño,6.93,1.51,6.09,1.66,5.28,1.79,5,2,N,5,3,4.77,5.74,5.18
269,maggot,gusano,2.99,1.73,5.07,2.09,4.60,2.32,6,3,N,4.29,0,5.97,5.55,5.32
813,inhabitant,habitante,5.91,1.60,4.61,1.94,5.19,1.84,9,4,N,7.14,0,5.67,5.37,4.81
775,habit,hábito,4.84,1.75,4.33,2.11,5.87,2.37,6,3,N,24.82,1,5.26,3.18,5.19
536,hawk,halcón,5.29,1.48,5.13,1.78,4.26,2.01,6,2,N,2.68,1,UnAv,UnAv,UnAv
221,hungry,hambriento,3.12,2.03,6.29,2.01,3.56,2.08,10,3,A/N,2.86,1,UnAv,UnAv,UnAv
777,hamburger,hamburguesa,5.78,2.22,4.86,1.91,5.38,2.39,11,4,N,1.25,0,UnAv,UnAv,UnAv
41,blase,harto,2.73,1.80,5.78,2.28,4.27,2.11,5,2,A/N,20,3,UnAv,UnAv,UnAv
146,ennui,hastío,2.46,1.61,4.00,2.22,3.61,2.02,6,3,N,5,1,2.46,4.02,2.91
996,stench,hedor,1.91,1.56,5.62,2.39,3.81,2.35,5,2,N,4.82,1,3.82,4.43,4.37
784,hay,heno,5.00,1.61,3.97,1.82,5.24,2.02,4,2,N,1.61,4,UnAv,UnAv,UnAv
620,wounds,heridas,2.07,1.30,6.43,1.43,3.99,1.97,7,3,N,0,1,UnAv,UnAv,UnAv
222,hurt,herido,1.98,1.34,6.73,1.86,3.31,1.77,6,3,V/A/N,19.11,1,UnAv,UnAv,UnAv
52,brother,hermano,7.81,1.47,5.08,2.52,5.86,2.23,7,3,N,99.82,2,6.64,5.85,6.43
654,beautiful,hermoso,7.61,1.56,5.44,2.67,5.13,2.38,7,3,A,33.39,1,UnAv,UnAv,UnAv
789,heroin,heroína,3.61,2.89,6.09,2.30,4.54,2.79,7,4,N,13.75,1,5.38,5.44,4.92
1015,tool,herramienta,4.58,1.47,4.51,1.92,5.43,1.96,11,4,N,8.04,0,5.77,3.56,5.04
970,scalding,hervir,4.81,0.87,4.77,1.80,5.21,1.79,6,2,V,1.96,2,UnAv,UnAv,UnAv
565,iron,hierro,4.44,1.25,4.44,1.64,4.93,1.86,6,2,N,20.18,2,5.86,5.79,5.67
208,history,historia,5.37,1.93,4.32,2.08,4.93,2.16,8,3,N,332.86,1,6.42,3.68,4.42
209,home,hogar,7.63,1.60,5.01,2.49,6.29,2.18,5,2,N,37.68,2,6.51,4.8,6.4
537,man,hombre,6.91,1.69,6.06,2.22,5.10,2.31,6,2,N,689.82,3,6.8,5.06,6.61
289,murderer,homicida,1.68,1.14,6.69,2.42,3.10,2.57,8,4,N,2.68,0,UnAv,UnAv,UnAv
210,honest,honesto,7.52,1.48,5.02,2.07,6.09,2.08,7,3,A,2.68,1,UnAv,UnAv,UnAv
179,fungus,hongo,2.91,2.03,4.90,2.33,4.00,1.97,5,2,N,5.71,5,UnAv,UnAv,UnAv
211,honor,honor,7.36,1.60,5.53,2.37,6.47,2.08,5,2,N,42.32,0,5.28,3.75,3.01
647,bake,hornear,5.47,1.53,4.71,1.78,5.54,1.89,7,3,V,0,1,UnAv,UnAv,UnAv
776,hairpin,horquilla,5.11,1.54,4.21,1.76,5.71,1.96,9,3,N,1.61,0,UnAv,UnAv,UnAv
213,horror,horror,1.68,1.24,6.89,2.26,2.81,2.03,6,2,N,29.82,0,4.35,3.95,4.54
215,hospital,hospital,2.07,1.43,5.49,2.32,3.46,2.13,8,3,N,45.71,0,6.21,6.61,6.45
217,hostile,hostil,2.20,1.84,5.97,2.17,3.96,2.01,6,2,N,10.54,2,UnAv,UnAv,UnAv
795,hotel,hotel,6.39,1.56,5.49,2.10,5.54,1.79,5,2,N,64.29,1,6.33,6.31,5.62
736,egg,huevo,5.01,1.68,3.94,1.93,5.31,2.31,5,2,N,20.36,5,6.54,5.5,6.24
796,humane,humano,6.67,2.00,5.49,2.05,5.17,2.27,6,3,A,134.11,3,5.86,5.05,6.11
219,humble,humilde,6.59,2.17,4.16,2.23,5.64,2.32,7,3,A,15.36,0,UnAv,UnAv,UnAv
797,humiliate,humillar,1.68,1.41,6.42,2.51,3.68,2.39,8,3,V,1.25,0,UnAv,UnAv,UnAv
220,humor,humor,7.70,1.57,6.90,1.98,5.47,2.05,5,2,N,41.07,2,6.14,3.04,4.16
798,hurricane,huracán,2.28,1.54,7.16,1.95,2.63,2.06,7,3,N,3.75,1,4.06,5.64,5.32
800,idea,idea,7.36,1.50,6.62,2.13,6.46,2.05,4,3,N,195.71,1,6.71,3.57,3.72
801,identity,identidad,6.20,2.01,5.04,2.07,6.01,1.99,9,4,N,63.57,0,5.65,3.78,2.75
223,idiot,idiota,2.56,1.52,5.11,2.34,4.73,2.18,6,3,A/N,12.68,1,6.29,4.12,3.55
802,idol,ídolo,6.29,2.16,5.80,1.87,4.86,2.01,5,3,N,6.43,1,UnAv,UnAv,UnAv
71,church,iglesia,3.77,2.30,4.31,2.24,4.78,2.17,7,3,N,107.86,0,4.67,5.5,5.81
803,ignorance,ignorancia,2.00,1.21,5.18,2.44,4.51,2.48,10,4,N,20.71,0,6.55,3.24,3.01
805,imagine,imaginar,7.58,1.64,6.33,2.19,6.29,2.58,8,4,V,41.25,0,5.57,3.22,4.23
113,detached,imparcial,4.68,2.05,4.83,2.07,4.84,1.95,9,3,A,1.79,0,UnAv,UnAv,UnAv
224,impotent,impotente,1.98,1.33,5.58,2.44,2.82,2.05,9,4,A,7.5,1,5.79,4.17,3.86
225,impressed,impresionado,6.09,1.63,6.69,1.74,4.20,2.06,12,5,A/V,0,0,UnAv,UnAv,UnAv
809,incentive,incentivo,7.39,1.57,6.71,1.76,5.66,2.03,9,4,N,1.43,1,UnAv,UnAv,UnAv
726,discomfort,incomodidad,2.16,1.45,6.57,1.77,4.33,2.12,11,5,N,4.11,0,5.11,3.35,4.1
908,nuisance,incordio,2.29,1.40,5.83,2.24,4.26,2.03,8,3,N,0.71,1,UnAv,UnAv,UnAv
206,helpless,indefenso,1.89,1.35,5.71,2.33,2.83,2.10,9,4,A,5,1,UnAv,UnAv,UnAv
810,indifferent,indiferente,3.98,1.93,4.72,1.94,4.90,1.94,11,5,A,12.68,0,UnAv,UnAv,UnAv
227,industry,industria,4.21,1.72,4.83,2.04,4.47,1.90,9,3,N,45.54,0,5.65,5.05,UnAv
228,infection,infección,1.69,0.93,6.47,2.01,2.94,2.01,9,4,N,15.36,1,5.2,5,4.45
463,unhappy,infeliz,1.43,0.98,4.73,2.72,3.27,2.19,7,3,A/N,7.32,0,4.23,4.02,4.79
812,inferior,inferior,2.50,1.70,4.86,2.14,4.01,2.40,8,3,A/N,35.71,1,UnAv,UnAv,UnAv
462,unfaithful,infiel,1.70,1.05,6.81,1.95,4.13,2.50,6,2,A/N,3.04,0,UnAv,UnAv,UnAv
788,hell,infierno,2.47,2.17,5.40,2.63,3.46,2.27,8,3,N,30,1,6.01,4.15,4.69
1035,wit,ingenio,7.34,1.58,6.28,1.90,5.70,2.21,7,3,N,17.68,1,4.41,3.29,2.86
806,immature,inmaduro,3.18,1.66,5.10,1.72,4.67,1.85,8,4,A/N,1.43,1,UnAv,UnAv,UnAv
807,immoral,inmoral,2.86,1.73,5.91,1.51,4.76,1.80,7,3,A,2.5,0,UnAv,UnAv,UnAv
814,innocent,inocente,6.31,2.06,4.39,2.13,5.14,2.29,8,4,A/N,18.04,0,6.08,3.83,3.85
455,troubled,inquieto,4.47,1.73,6.83,1.64,4.23,1.85,8,3,A,8.93,1,UnAv,UnAv,UnAv
816,insect,insecto,3.24,1.72,5.57,2.10,4.13,2.34,7,3,N,5.54,2,5.9,4.76,6.02
230,insecure,inseguro,2.18,1.65,6.29,2.10,2.72,2.08,8,4,A,3.04,1,UnAv,UnAv,UnAv
231,insolent,insolente,2.44,1.56,5.82,2.09,4.17,2.02,9,4,A/N,3.57,1,UnAv,UnAv,UnAv
233,inspired,inspirado,7.04,1.67,5.78,2.26,6.03,2.17,9,4,V,0,0,UnAv,UnAv,UnAv
232,inspire,inspirar,7.17,1.49,5.14,2.52,5.46,2.30,8,3,V,3.21,0,6.1,3.66,3.75
817,insult,insulto,2.33,1.60,6.30,1.84,4.17,1.95,7,3,N,5,3,5.81,4,3.75
818,intellect,intelecto,6.56,1.50,5.16,2.04,6.47,1.70,9,4,N,1.43,0,UnAv,UnAv,UnAv
234,interest,interés,6.57,1.94,5.89,1.97,5.96,1.94,7,3,N,125.36,1,6.36,2.34,3.7
821,intimate,íntimo,7.46,1.35,5.13,2.74,6.38,2.09,6,3,A,18.04,1,UnAv,UnAv,UnAv
822,intruder,intruso,2.36,1.38,6.64,2.12,3.33,2.11,7,3,N,6.25,1,4.94,5.18,4.78
755,flood,inundación,1.99,1.42,6.30,2.00,2.52,1.93,10,5,N,2.32,1,5.4,5.55,5.62
467,useless,inútil,2.09,1.45,5.19,2.24,4.00,2.25,6,3,A,43.75,1,UnAv,UnAv,UnAv
823,invader,invasor,2.52,2.02,6.96,1.56,3.57,2.33,7,3,N,4.64,0,UnAv,UnAv,UnAv
824,invest,invertir,5.27,1.57,5.63,2.12,5.09,2.31,8,3,V,6.61,0,UnAv,UnAv,UnAv
1019,treat,invitación,7.86,1.09,6.79,1.80,5.42,1.96,10,5,N,13.04,1,6,4.52,4.84
235,irritate,irritar,1.93,1.14,6.34,2.25,4.14,1.99,7,3,V,1.25,1,UnAv,UnAv,UnAv
203,headache,jaqueca,1.58,1.37,4.38,2.65,2.62,1.88,7,3,N,0.89,0,UnAv,UnAv,UnAv
761,garden,jardín,7.99,1.11,4.47,2.63,5.96,2.38,6,2,N,61.96,1,6.21,6.26,5.86
829,jug,jarra,4.81,1.27,4.17,1.70,5.83,1.97,5,2,N,3.93,8,5.89,6.29,5.81
1038,young,joven,7.71,1.33,6.60,1.98,4.93,2.56,5,2,A/N,201.07,0,6.65,4.85,5.64
827,jolly,jovial,7.23,1.15,5.59,2.14,5.70,2.14,6,2,A,3.39,0,UnAv,UnAv,UnAv
239,jewel,joya,6.51,1.69,5.32,2.06,5.51,1.83,4,2,N,4.64,5,6.05,5.06,5.96
240,joy,júbilo,7.61,1.33,6.92,1.86,5.68,1.88,6,3,N,10.18,1,3.77,4.16,4.36
241,joyful,jubiloso,7.44,1.33,6.62,1.60,5.88,2.20,8,4,A,1.43,1,UnAv,UnAv,UnAv
760,game,juego,6.94,1.67,6.72,1.25,5.62,2.08,5,2,N,160.18,3,6.51,4.37,5.47
1017,toy,juguete,6.72,1.82,5.06,2.38,6.13,2.15,7,3,N,5.36,0,6.62,4.72,6.58
242,justice,justicia,7.00,1.88,5.78,2.53,4.98,2.66,8,3,N,64.11,0,5.7,3.39,3.33
1039,youth,juventud,7.82,1.48,6.60,2.17,4.49,2.52,8,3,N,70,0,6.55,4.57,5.13
831,ketchup,ketchup,4.76,2.15,4.39,2.00,5.30,2.30,7,2,N,0,0,UnAv,UnAv,UnAv
435,thief,ladrón,1.93,1.53,6.98,2.13,3.41,2.35,6,2,N,12.68,1,6.3,5.48,5.46
250,lake,lago,7.19,1.28,4.33,2.37,5.02,2.16,4,2,N,17.32,12,5.95,5.89,5.95
838,lamp,lámpara,5.42,1.37,4.24,1.82,6.01,1.91,7,3,N,16.61,1,6.15,6.02,6.11
259,listless,lánguido,3.00,1.77,3.49,1.81,4.00,1.94,8,3,A,1.79,1,UnAv,UnAv,UnAv
309,pencil,lápiz,4.98,1.16,4.63,1.56,6.00,1.97,5,2,N,6.96,1,6.16,6.75,5.92
940,pity,lástima,1.79,1.07,5.62,1.99,3.92,2.05,7,3,N,19.46,1,5.6,3.48,3.67
548,bathroom,lavabo,4.72,1.49,4.30,1.73,5.39,1.58,6,3,N,11.79,1,6.51,6.23,6.62
265,loyal,leal,7.73,1.26,4.88,2.37,5.82,2.18,4,2,A,8.21,2,UnAv,UnAv,UnAv
876,milk,leche,5.83,2.27,4.07,2.16,5.92,2.18,5,2,N,54.11,2,6.52,5.71,6.33
982,slow,lento,3.71,1.89,4.27,2.36,4.81,2.05,5,2,A,21.96,2,UnAv,UnAv,UnAv
518,lion,león,4.98,1.90,7.09,1.42,3.73,2.43,4,2,N,30,1,4.85,6.29,6.72
254,leprosy,lepra,1.42,1.02,6.91,1.91,2.88,2.12,5,2,N,1.43,1,UnAv,UnAv,UnAv
597,lesbian,lesbiana,5.37,1.80,4.81,1.69,4.68,2.13,8,3,N,3.75,1,UnAv,UnAv,UnAv
595,injury,lesión,1.92,1.21,5.69,2.20,3.54,2.08,6,3,N,9.64,1,UnAv,UnAv,UnAv
845,legend,leyenda,6.70,1.70,5.66,2.05,4.57,2.25,7,3,N,24.29,0,5.17,5.21,UnAv
255,liberty,liberación,7.97,1.52,6.63,2.43,5.77,2.54,10,5,N,29.29,1,5.29,3.3,3.26
173,freedom,libertad,8.54,0.80,6.40,2.46,6.26,2.52,8,3,N,165.54,0,5.98,3.77,4.94
172,free,libre,8.28,1.23,6.38,2.91,7.01,2.03,5,2,A,131.43,2,UnAv,UnAv,UnAv
47,book,libro,6.42,1.75,5.30,2.06,5.84,1.96,5,2,N,194.29,4,6.84,5.94,6.21
768,grass,licenciado,7.56,1.61,6.31,2.13,6.20,2.30,10,4,N/V,11.96,1,6.12,5.49,3.8
844,leader,líder,5.47,2.26,6.16,1.62,5.33,2.30,5,2,N,48.93,1,6.04,5.11,4.97
534,garter,liga,5.38,1.76,5.06,2.31,4.78,1.85,4,2,N,33.39,10,6.22,4.66,5.27
839,lantern,linterna,5.11,1.53,4.22,1.93,5.56,2.00,8,3,N,8.21,0,6.02,6.33,5.77
984,smooth,liso,5.40,1.35,4.51,1.76,5.20,1.73,4,2,A,4.29,7,UnAv,UnAv,UnAv
951,quart,litro,5.07,1.32,4.14,1.88,5.26,1.89,5,2,N,7.5,3,6.45,5.11,4.32
941,plain,llano,5.18,1.73,3.84,1.83,4.78,2.16,5,2,A/N,7.14,3,UnAv,UnAv,UnAv
833,key,llave,5.57,1.64,4.28,1.84,5.89,1.97,5,2,N,22.86,1,6.71,5.85,5.77
663,blubber,lloriqueo,2.22,1.34,5.96,1.93,4.07,1.91,9,4,N,0.36,0,UnAv,UnAv,UnAv
569,rain,lluvia,4.52,2.32,4.43,2.29,3.11,2.34,6,2,N,59.46,0,5.69,5.96,6.3
731,dreary,lóbrego,3.39,2.06,5.26,1.86,4.16,1.75,7,3,A,0.89,1,UnAv,UnAv,UnAv
856,mad,loco,3.41,1.90,6.67,1.77,3.60,2.05,4,2,A/N,48.75,12,6.53,3.74,5.2
3,achievement,logro,8.01,1.20,6.99,1.83,6.58,1.87,5,2,N,10,0,4.89,3.15,3.68
853,lottery,lotería,6.98,2.09,6.22,2.36,3.63,2.65,7,4,N,5.18,1,5.58,5.48,6.07
751,fight,lucha,2.40,1.74,6.67,2.11,4.24,2.14,5,2,N,99.64,5,5.26,4.18,5.32
268,luxury,lujo,6.51,2.13,5.57,1.91,4.66,2.31,4,2,N,38.75,2,UnAv,UnAv,UnAv
519,lust,lujuria,5.43,2.52,6.94,1.86,4.40,2.44,7,3,N,4.64,0,4.85,4.9,3.6
286,mother,madre,8.19,1.35,5.19,2.85,5.74,2.28,5,2,N,380.54,1,6.93,5.94,6.73
1009,teacher,maestro,5.50,1.50,4.98,1.55,4.82,1.74,7,3,N,41.79,2,5.81,5.4,6.23
888,muffin,magdalena,6.27,1.66,4.26,2.12,5.64,2.14,9,4,N,3.93,0,UnAv,UnAv,UnAv
858,magical,mágico,7.17,1.61,6.13,2.34,4.30,2.51,6,3,A,16.79,1,UnAv,UnAv,UnAv
271,masterful,magistral,6.34,2.01,5.67,2.24,5.72,2.24,9,3,A,4.29,0,UnAv,UnAv,UnAv
860,malaria,malaria,1.81,1.65,6.40,1.96,2.83,2.06,7,3,N,5.36,2,1.98,5.77,3.15
366,rude,maleducado,2.21,1.26,6.06,1.76,4.03,1.90,10,5,A,0.89,1,UnAv,UnAv,UnAv
1020,trunk,maletero,4.21,1.76,4.19,2.04,4.70,2.19,8,4,N,0.89,0,UnAv,UnAv,UnAv
270,malice,malicia,2.08,1.46,6.02,2.32,3.70,2.25,7,3,N,6.25,2,5.15,3.23,4.24
1,abuse,maltrato,1.39,1.16,7.39,2.13,2.64,1.97,8,3,N,0.89,0,UnAv,UnAv,UnAv
493,wicked,malvado,1.80,1.11,6.46,1.93,4.07,2.07,7,3,A,2.5,2,UnAv,UnAv,UnAv
863,manner,manera,5.00,1.45,4.50,1.81,4.99,1.63,6,3,N,242.5,3,6.23,1.96,2.02
564,hydrant,manguera,5.26,1.36,4.62,1.68,5.42,1.76,8,3,N,2.14,0,UnAv,UnAv,UnAv
862,maniac,maníaco,1.88,1.23,6.84,1.91,3.00,2.05,7,4,N,0.36,1,UnAv,UnAv,UnAv
732,dummy,maniquí,4.38,1.79,3.91,1.94,4.99,2.00,7,4,N,1.96,1,UnAv,UnAv,UnAv
778,hand,mano,6.04,1.36,5.10,2.28,6.09,2.04,4,2,N,387.14,16,6.53,6.05,6.71
1006,tamper,manosear,3.99,2.16,5.64,2.08,5.11,2.25,8,4,V,0.36,1,UnAv,UnAv,UnAv
273,meek,manso,5.90,1.94,3.51,2.09,5.21,2.26,5,2,A,2.14,7,UnAv,UnAv,UnAv
57,butter,mantequilla,5.20,1.71,4.03,1.81,5.40,2.12,11,4,N,6.25,0,6.26,6.45,5.8
855,machine,máquina,4.44,1.54,4.83,1.67,5.42,1.74,7,3,N,59.46,1,6.04,3.89,5.55
957,razor,maquinilla,4.22,1.72,4.59,1.62,5.30,1.66,10,4,N,0.71,0,UnAv,UnAv,UnAv
499,wonder,maravilla,7.96,1.27,6.13,2.62,5.23,2.11,9,4,N,10.18,0,5.71,3.53,3.01
379,seasick,mareado,2.01,1.30,5.33,2.28,2.60,1.90,7,4,V,2.5,3,UnAv,UnAv,UnAv
58,butterfly,mariposa,6.74,1.76,4.60,2.16,5.31,2.32,8,4,N,6.25,0,5.95,6.23,6.65
394,sissy,mariquita,5.80,1.93,4.60,2.05,5.17,2.18,9,4,N,6.61,0,5.05,5.42,6.02
198,hammer,martillo,4.38,1.49,4.92,1.83,5.48,1.90,8,3,N,5.36,1,5.55,5.86,5.83
867,massacre,masacre,1.32,1.21,7.01,2.65,1.92,1.94,7,3,N,3.21,0,UnAv,UnAv,UnAv
935,pet,mascota,7.33,1.83,5.58,2.44,5.84,2.20,7,3,N,1.07,0,UnAv,UnAv,UnAv
599,masturbate,masturbarse,5.79,2.13,6.41,2.07,6.49,2.08,11,4,V,0,0,UnAv,UnAv,UnAv
397,slaughter,matanza,1.66,1.62,7.70,1.70,2.39,2.03,7,3,N,8.39,0,3.88,4.88,5.05
868,material,material,5.01,1.74,4.19,2.02,5.40,1.99,8,3,N,63.39,1,6.3,2.09,UnAv
869,medicine,medicina,5.38,2.43,5.56,2.12,4.56,2.47,8,4,N,43.39,0,5.34,4.9,5.16
226,improve,mejorar,7.46,1.22,6.41,2.08,6.69,1.82,7,3,V,24.29,0,5.93,3.35,2.99
870,melody,melodía,7.71,1.22,5.31,2.63,6.39,1.99,7,4,N,6.61,1,5.07,4.6,4.75
274,memory,memoria,6.41,1.82,5.14,1.94,5.26,2.20,7,3,N,158.04,1,6.17,4.49,2.38
36,beggar,mendigo,2.92,1.59,5.60,1.84,3.69,1.95,7,3,N,4.46,1,5.98,6.15,6.28
82,contempt,menosprecio,1.72,1.54,5.80,2.43,3.50,2.33,11,4,N,3.39,0,3.89,4.5,3.9
877,mind,mente,6.41,1.75,5.81,1.77,5.93,2.21,5,2,N,72.32,4,6.38,3.61,2.86
257,lie,mentira,1.88,1.57,6.51,2.23,4.32,2.61,7,3,N,38.57,0,6.71,4.3,3.74
685,chin,mentón,4.67,1.35,4.38,1.57,4.47,1.58,6,2,N,6.25,1,2.91,5.9,4.61
866,market,mercado,5.41,1.75,4.98,2.13,5.07,1.92,7,3,N,101.61,2,5.87,5.24,5.66
238,jelly,mermelada,5.93,2.07,4.47,1.89,5.71,2.09,9,4,N,2.68,0,3.9,5.86,7
283,month,mes,5.03,1.14,4.61,1.80,4.60,1.91,3,1,N,103.04,7,6.72,4.61,3.08
426,table,mesa,4.80,1.26,4.21,1.71,5.13,1.68,4,2,N,172.14,11,6.58,6.13,6.77
874,metal,metal,4.98,1.40,4.42,1.81,4.97,1.85,5,2,N,18.39,2,5.83,4.76,5.31
875,method,método,5.07,1.54,4.68,1.80,4.76,1.68,6,3,N,61.96,1,5.88,3.44,2.44
8,afraid,miedoso,2.57,1.48,6.09,2.01,3.67,2.17,7,3,A/N,1.07,1,UnAv,UnAv,UnAv
792,honey,miel,5.46,2.19,4.06,2.16,5.66,2.20,4,1,N,18.39,5,5.48,6.58,5.32
279,miracle,milagro,6.84,1.90,5.86,2.23,3.46,2.48,7,3,N,36.07,0,5.29,2.97,3.11
278,millionaire,millonario,6.57,2.02,6.00,2.34,4.89,2.62,10,4,N,5.54,1,4.85,5.28,4.85
879,misery,miseria,1.47,1.22,5.57,2.70,3.10,2.19,7,3,N,30.18,1,4.95,3.3,4.39
891,mystic,místico,5.64,1.86,4.98,1.90,4.87,1.90,7,3,A/N,6.96,1,4.3,3.39,3.78
280,modest,modesto,6.31,1.85,4.24,1.94,5.86,1.84,7,3,A,11.25,3,UnAv,UnAv,UnAv
277,mildew,moho,2.61,1.84,4.87,2.29,4.33,2.27,4,2,N,1.96,9,UnAv,UnAv,UnAv
882,mold,molde,4.76,1.46,4.02,1.82,5.46,2.07,5,2,N,2.68,0,UnAv,UnAv,UnAv
727,disturb,molestar,2.33,1.32,6.37,1.57,4.02,2.15,8,3,V,5.54,1,5.95,3.58,4.66
627,ache,molestia,2.17,1.31,6.00,1.73,3.82,1.80,8,3,N,6.96,1,5.95,3.41,4.35
1032,windmill,molino,5.36,1.42,4.22,1.85,4.61,1.95,6,3,N,8.57,3,5.6,5.45,6.04
281,moment,momento,6.00,1.76,5.31,2.03,5.41,2.17,7,3,N,474.46,2,UnAv,UnAv,UnAv
692,coin,moneda,6.01,1.83,5.72,1.81,5.64,1.98,6,3,N,19.64,2,6.31,5.82,6.23
909,nun,monja,3.79,1.81,3.64,1.86,4.79,2.00,5,2,N,9.64,4,6.01,6.55,6
97,cute,mono,5.29,2.15,5.10,1.95,4.49,1.76,4,2,A/N,18.21,16,5.85,5.05,6.56
287,mountain,montaña,6.49,1.66,4.99,2.27,4.84,1.99,7,3,N,34.46,2,6.38,5.86,5.26
884,moral,moral,6.12,1.80,5.31,1.80,6.09,1.78,5,2,N,100.89,6,5.19,2.31,2.07
284,morbid,morboso,4.29,2.46,6.36,1.91,4.69,2.00,7,3,A,3.04,1,UnAv,UnAv,UnAv
285,morgue,morgue,2.71,1.95,5.33,2.20,3.21,1.92,6,2,N,0,0,UnAv,UnAv,UnAv
885,mosquito,mosquito,2.54,1.54,5.84,2.14,4.28,2.52,8,3,N,3.04,1,UnAv,UnAv,UnAv
148,engine,motor,4.83,1.45,4.91,2.04,4.63,1.84,5,2,N,33.21,1,5.25,5.45,5.67
881,mobility,movilidad,7.16,1.75,6.23,2.37,6.14,2.10,9,4,N,7.5,1,3.75,3.21,3.62
886,mucus,mucosidad,2.58,1.51,4.69,1.86,4.08,1.84,9,4,N,1.25,0,UnAv,UnAv,UnAv
773,grin,mueca,5.20,1.66,5.11,1.47,5.29,1.76,5,2,N,12.5,5,4.7,4.84,5.48
100,death,muerte,1.23,0.64,6.46,2.76,1.93,1.89,6,2,N,257.32,4,6.53,4.09,4.32
588,dead,muerto,1.17,0.57,5.99,2.89,1.98,1.90,6,2,A/N,123.39,7,6.14,5.53,6.03
772,grime,mugre,1.93,1.45,5.21,2.41,5.04,2.37,5,2,N,2.32,0,UnAv,UnAv,UnAv
498,woman,mujer,6.40,1.89,4.89,2.12,5.51,2.02,5,2,N,493.39,0,6.73,6.44,6.61
708,crutch,muleta,2.87,1.74,4.50,1.95,4.24,2.07,6,3,N,1.07,3,UnAv,UnAv,UnAv
931,penalty,multa,1.98,1.51,6.67,2.12,3.62,2.43,5,2,N,6.79,2,UnAv,UnAv,UnAv
500,world,mundo,6.57,1.96,6.12,2.10,3.90,2.28,5,2,N,675.54,3,6.44,5.25,5.56
728,doll,muñeca,6.24,1.78,4.48,1.93,5.79,2.18,6,3,N,14.46,1,6.82,5.29,6.68
290,muscular,musculoso,5.04,1.94,4.89,1.81,5.22,2.13,9,4,A,1.61,1,UnAv,UnAv,UnAv
889,museum,museo,6.26,1.80,4.52,2.10,5.44,1.74,5,3,N,20.71,2,6.03,5.58,6.23
291,music,música,8.16,1.24,6.62,2.56,6.61,2.31,6,3,N,106.43,1,6.65,4.81,5.21
890,mutation,mutación,3.27,1.94,5.24,2.32,3.00,2.02,8,4,N,6.43,1,4.3,4.59,4.01
292,mutilate,mutilar,1.36,0.94,7.01,2.28,2.93,2.17,7,3,V,0.71,0,UnAv,UnAv,UnAv
576,swimmer,nadador,5.92,1.57,5.40,1.88,5.04,1.79,7,3,N,1.79,0,UnAv,UnAv,UnAv
894,narcotic,narcótico,2.92,2.22,5.71,2.34,4.32,2.59,9,4,N,0.89,1,UnAv,UnAv,UnAv
896,natural,natural,7.17,1.71,4.26,2.52,5.19,2.35,7,3,N,121.61,0,UnAv,UnAv,UnAv
293,nature,naturaleza,8.03,1.19,5.38,2.71,4.58,2.63,10,5,N,136.25,0,5.88,3.59,5.86
686,christmas,navidad,6.69,2.23,6.10,2.29,5.09,2.43,7,3,N,17.68,1,6.82,5.5,5.34
294,nectar,néctar,6.10,1.81,4.60,1.86,5.28,1.90,6,2,N,1.61,1,UnAv,UnAv,UnAv
898,neglect,negligencia,1.88,1.14,6.06,2.25,3.17,2.33,11,4,N,3.04,0,UnAv,UnAv,UnAv
543,black,negro,4.87,2.48,4.47,2.23,4.81,2.30,5,2,A/N,130.36,1,5.8,5.26,6.5
811,infant,nene,7.36,1.82,5.40,2.32,5.62,2.16,4,2,N,2.32,5,5.32,4.84,5.95
899,nervous,nervioso,3.26,1.86,7.36,1.70,3.02,2.13,8,3,A,36.07,1,UnAv,UnAv,UnAv
900,neurotic,neurótico,2.57,1.48,6.51,1.84,3.94,2.22,9,4,A/N,2.14,1,UnAv,UnAv,UnAv
799,icebox,nevera,5.44,1.44,4.84,1.58,5.50,1.77,6,3,N,9.46,1,6.45,6.27,6.22
575,snow,nieve,7.00,1.68,5.34,2.32,4.40,2.28,5,2,N,39.29,1,5.41,6.23,6.35
70,child,niño,7.34,1.79,6.40,2.15,5.38,2.13,4,2,N,195.89,3,6.48,5.9,6.39
893,name,nombre,5.72,1.46,4.58,1.75,5.41,2.04,6,2,N,272.5,1,6.92,4.25,3.56
901,news,noticias,5.16,1.79,5.77,1.93,3.69,2.03,8,3,N,0,0,UnAv,UnAv,UnAv
670,bride,novia,6.63,2.04,5.79,2.25,5.04,2.08,5,2,N,31.07,2,6.08,5.76,5.68
424,sweetheart,novio,7.49,2.14,6.70,2.41,5.13,2.17,5,2,N,23.57,2,6.56,5.24,4.86
533,clouds,nubes,6.37,2.26,4.21,2.21,3.51,2.51,5,2,N,0,0,UnAv,UnAv,UnAv
923,overcast,nublado,3.27,2.02,3.61,2.09,3.00,2.03,7,3,A,3.21,1,UnAv,UnAv,UnAv
836,knot,nudo,3.96,1.69,4.76,1.96,5.19,1.82,4,2,N,9.64,9,4.5,4.72,4.99
907,nourish,nutrir,6.30,1.70,5.12,1.85,5.91,1.92,6,2,V,0.89,1,UnAv,UnAv,UnAv
912,obey,obedecer,3.84,1.85,5.28,1.79,4.89,2.33,8,4,V,7.68,0,4.81,4.35,4.16
911,obesity,obesidad,2.28,1.51,5.22,2.48,3.73,2.15,8,4,N,6.25,0,UnAv,UnAv,UnAv
914,obscene,obsceno,2.51,1.52,5.79,2.00,4.12,1.91,7,3,A,3.21,1,UnAv,UnAv,UnAv
184,gift,obsequio,7.80,1.28,6.29,2.01,5.37,2.38,8,3,N,2.68,0,4.19,4.3,5.52
915,obsession,obsesión,2.78,1.58,6.09,2.14,3.09,2.15,8,4,N,25.71,1,6.47,3.4,4.09
421,sunset,ocaso,6.39,2.63,4.54,2.59,4.19,2.60,5,3,N,5.18,1,UnAv,UnAv,UnAv
297,ocean,océano,7.54,1.79,5.36,2.89,4.38,2.79,6,4,N,18.21,2,5.32,5.55,6.43
201,hate,odiar,1.86,1.46,6.48,2.17,4.23,2.39,5,2,V,4.64,0,5.96,3.58,4.04
202,hatred,odio,1.74,1.17,7.01,2.03,3.67,2.44,4,2,N/V,34.29,2,6.27,4.46,3.92
917,offend,ofender,2.10,1.32,5.96,1.96,4.57,2.07,7,3,V,3.21,0,UnAv,UnAv,UnAv
568,office,oficina,4.09,1.71,4.64,2.05,5.08,2.19,7,4,N,28.04,0,5.65,5.2,5.95
832,kettle,olla,4.66,1.49,4.16,2.10,5.38,1.97,4,2,N,3.57,3,5.55,5.91,6.16
919,option,opción,6.08,1.96,5.70,2.00,5.94,2.01,6,3,N,25.18,1,5.38,3.61,3.86
298,opinion,opinión,6.34,1.72,5.69,1.94,5.71,2.11,7,4,N,113.39,1,6.17,3.81,3.32
683,chance,oportunidad,7.91,1.30,7.07,2.08,5.31,2.05,11,5,N,53.04,0,5.89,3.7,2.78
918,optimism,optimismo,8.31,0.93,6.38,2.56,6.33,2.08,9,4,N,14.11,0,5.52,3.63,4.1
1014,tidy,ordenado,6.57,1.36,4.19,2.04,6.78,1.75,8,4,A/V,11.61,1,UnAv,UnAv,UnAv
552,computer,ordenador,5.50,1.89,5.06,1.80,5.27,1.99,9,4,N,50.18,0,6.46,5.9,6.05
920,orgasm,orgasmo,8.06,1.46,8.16,1.18,5.13,2.46,7,3,N,24.64,0,6.05,5.71,4.53
327,pride,orgullo,5.12,2.34,5.96,1.78,5.40,1.91,7,3,N,36.25,0,6.31,4.77,4.56
334,proud,orgulloso,5.53,2.36,5.80,1.99,5.82,2.11,9,4,A,11.96,1,UnAv,UnAv,UnAv
617,urine,orina,2.82,2.02,4.64,2.06,5.29,2.28,5,3,N,10.18,1,5.05,6.71,6.42
191,gold,oro,6.68,2.15,5.76,1.95,5.04,2.36,3,2,N,90,7,5.25,6.01,5.56
299,orchestra,orquesta,6.24,1.95,5.26,2.36,4.64,2.09,8,3,N,9.29,0,4.82,5.83,6.1
714,dark,oscuro,3.71,2.13,5.06,2.40,4.04,2.12,6,3,A,49.46,2,UnAv,UnAv,UnAv
29,autumn,otoño,5.17,2.05,4.44,1.99,4.19,2.45,5,3,N,31.43,1,5.59,5.73,5.96
367,rusty,oxidado,3.11,1.73,3.97,1.87,4.34,2.29,7,4,A,0,0,UnAv,UnAv,UnAv
929,patient,paciente,4.36,2.29,4.88,2.04,4.78,2.27,8,3,N/A,47.86,2,4.6,4.28,5.23
161,father,padre,7.00,2.27,4.86,2.05,4.94,2.27,5,2,N,383.57,2,6.55,6,6.79
38,bird,pájaro,6.43,1.51,4.79,1.78,4.53,1.79,6,3,N,20.71,1,6.5,4.51,UnAv
302,palace,palacio,6.91,1.46,5.03,2.10,5.00,2.13,7,3,N,50.71,1,5.14,5.71,5.89
730,dove,paloma,6.32,2.16,4.38,2.33,5.04,2.26,6,3,N,10.89,1,6.17,6.38,6.38
649,banner,pancarta,5.49,1.28,5.17,1.97,5.08,1.78,8,3,N,3.57,0,UnAv,UnAv,UnAv
601,panic,pánico,1.53,0.93,7.72,1.82,2.43,1.99,6,3,N,21.25,1,6.14,2.68,4.94
1004,swamp,pantano,3.97,2.12,4.81,1.95,3.94,1.87,7,3,N,4.64,0,4.89,5.67,6.07
830,kerchief,pañuelo,4.33,1.56,4.17,1.69,5.36,1.92,7,3,N,18.93,1,6.25,5.93,6
303,paper,papel,4.98,1.17,3.89,1.93,5.73,2.21,5,2,N,183.57,2,6.66,5.78,6.34
578,umbrella,paraguas,4.27,1.73,3.99,1.83,5.23,2.16,8,3,N,12.5,1,6.14,5.92,5.97
304,paradise,paraíso,8.24,1.32,5.70,2.89,5.70,2.59,7,4,N,28.75,1,5.85,4.28,6.2
926,paralysis,parálisis,1.33,0.81,5.16,2.73,2.16,2.04,9,4,N,6.43,1,4.76,5.2,5.16
506,couple,pareja,7.91,1.40,7.08,1.76,5.60,2.03,6,3,N,69.29,1,6.75,4.56,6.34
927,part,parte,4.66,0.94,4.52,1.36,5.04,1.39,5,2,N,604.82,6,5.72,2.1,3.5
928,passage,pasaje,5.23,1.41,4.92,1.67,4.74,1.87,6,3,N,9.11,3,5.01,4.21,4.41
701,corridor,pasillo,4.37,1.46,4.47,1.82,4.74,2.29,7,3,N,51.79,1,6.73,5.5,6.27
306,passion,pasión,7.84,1.35,7.96,1.17,4.96,2.52,6,3,N,58.04,1,5.93,3.51,5.28
524,pasta,pasta,6.22,1.83,4.92,1.74,5.62,1.97,5,2,N,16.96,10,5.64,3.92,5.66
314,pie,pastel,7.18,1.47,5.28,1.97,5.69,2.08,6,2,N,8.39,0,6.35,5.72,6.62
307,patent,patente,4.77,1.26,4.53,1.60,5.04,1.68,7,3,N/A,15.18,2,2.96,3.15,UnAv
930,patriot,patriota,4.91,2.16,5.52,1.72,5.33,2.03,8,3,N,1.96,0,UnAv,UnAv,UnAv
253,leisurely,pausado,5.19,1.74,3.23,2.04,5.33,2.04,7,3,A,1.96,2,UnAv,UnAv,UnAv
308,peace,paz,8.11,1.62,3.49,2.76,5.71,2.52,3,1,N,112.14,6,6.31,4.09,3.71
392,sin,pecado,3.92,2.12,5.54,2.01,4.92,1.90,6,3,N,29.64,7,5.38,3.71,3.37
393,sinful,pecaminoso,3.66,2.16,5.57,1.79,4.54,2.11,10,5,A,1.25,1,UnAv,UnAv,UnAv
288,movie,película,7.14,1.49,5.41,2.34,5.87,2.03,8,4,N,107.5,1,6.57,5.26,6.35
713,danger,peligro,2.02,1.61,7.56,1.71,2.93,2.03,7,3,N,78.75,0,5.87,3.42,4.47
938,pinch,pellizco,3.17,1.92,5.89,1.76,4.20,1.94,8,3,N,1.96,0,UnAv,UnAv,UnAv
195,grief,pena,1.60,1.04,4.80,2.62,3.22,1.91,4,2,N,83.57,19,5.8,4.09,4.26
932,penis,pene,5.93,1.76,6.54,2.02,5.54,1.91,4,2,N,16.79,8,4.48,6.54,6.41
140,embarrassed,penoso,2.13,1.64,5.31,2.24,3.88,2.08,6,3,N,5.18,3,UnAv,UnAv,UnAv
1013,thought,pensamiento,5.91,1.91,5.51,1.76,5.56,2.17,11,4,N,71.96,0,6.17,2.94,3.03
851,loser,perdedor,2.10,1.27,5.33,2.23,3.72,2.09,8,3,N,2.5,0,UnAv,UnAv,UnAv
852,lost,perdido,2.28,1.44,6.18,2.31,2.73,2.02,7,3,A/V,119.82,2,UnAv,UnAv,UnAv
843,lazy,perezoso,3.62,1.84,3.37,2.07,4.67,1.95,8,4,A,2.86,1,UnAv,UnAv,UnAv
310,perfection,perfección,6.58,1.99,5.83,2.11,5.78,2.08,10,4,N,24.29,1,5.19,3.38,2.33
934,perfume,perfume,7.03,1.73,4.88,2.22,5.59,2.10,7,3,N,18.39,0,6,5.4,6.02
511,dog,perro,6.50,2.03,5.83,2.15,5.08,2.07,5,2,N,60.54,7,6.55,6.4,6.56
311,person,persona,6.89,1.58,5.27,2.21,5.58,2.01,7,3,N,171.79,0,7,5.49,6.22
741,evil,perverso,2.59,1.88,6.12,1.56,3.90,1.99,8,3,A,3.93,1,UnAv,UnAv,UnAv
312,pervert,pervertido,1.96,1.52,6.54,1.96,3.42,2.13,10,4,,0,0,UnAv,UnAv,UnAv
295,nightmare,pesadilla,1.80,1.53,7.31,2.03,2.30,1.97,9,4,N,16.07,0,6.45,3.45,5.4
656,bereavement,pesar,3.04,1.97,5.41,2.19,4.33,2.22,5,2,N/V,14.64,10,5.52,3.42,4.46
348,regretful,pesaroso,2.86,1.76,4.24,1.94,4.00,1.77,8,4,A,0.36,1,UnAv,UnAv,UnAv
559,fish,pescado,5.70,2.10,4.63,1.78,5.09,2.06,7,3,N,18.93,1,6.55,5.25,6.9
188,gloom,pesimismo,2.06,1.65,4.61,2.25,3.41,2.18,9,4,N,9.11,0,5.57,3.89,3.96
313,pest,peste,1.53,1.38,6.20,2.50,3.01,2.24,5,2,N,10.54,5,4.05,3.84,4.06
903,nipple,pezón,6.14,1.61,5.42,2.38,5.27,1.72,5,2,N,2.32,1,UnAv,UnAv,UnAv
757,foot,pie,4.67,1.75,4.58,2.00,5.19,2.37,3,1,N,132.68,6,6.44,6.6,5.05
180,fur,piel,6.19,1.73,4.90,2.21,5.23,2.17,4,1,N,128.04,4,6.19,5.29,6.46
825,item,pieza,4.84,1.39,4.12,1.80,5.12,1.70,5,2,N,43.39,2,5.19,3.36,4.61
946,prick,pinchazo,2.18,1.39,6.69,1.91,3.70,2.04,8,3,N,3.75,0,UnAv,UnAv,UnAv
924,paint,pintura,6.20,1.82,5.20,2.19,5.64,1.87,7,3,N,39.64,2,4.41,4.46,6.25
262,louse,piojo,1.97,1.20,5.64,2.26,3.64,2.13,5,2,N,0,0,UnAv,UnAv,UnAv
256,lice,piojos,1.90,1.23,6.32,2.10,3.46,2.16,6,2,N,2.68,0,4.44,6.08,4.72
513,fireworks,pirotecnia,5.06,2.28,6.48,2.02,3.79,2.15,10,4,N,0.36,0,UnAv,UnAv,UnAv
939,pistol,pistola,1.83,1.23,7.08,1.82,3.58,2.69,7,3,N,26.79,0,4.63,5.76,6
949,python,pitón,2.93,1.89,6.82,2.03,3.16,2.17,5,2,N,0.36,1,UnAv,UnAv,UnAv
526,pizza,pizza,7.07,1.56,5.31,2.15,6.00,1.91,5,2,N,0.89,3,UnAv,UnAv,UnAv
317,pleasure,placer,8.48,1.13,7.57,1.99,5.69,2.58,6,2,N,81.25,0,5.65,2.88,5
316,plant,planta,6.46,1.74,3.80,2.12,5.28,2.21,6,2,N,38.39,3,6.61,4.69,5.95
34,beach,playa,8.07,1.26,5.93,2.67,6.28,2.13,5,2,N,41.96,5,6.36,6.35,6.43
842,lawsuit,pleito,2.81,1.71,6.07,2.30,3.64,1.69,6,2,N,6.07,0,3.68,4.95,3.75
322,poverty,pobreza,1.54,1.15,5.89,2.19,3.07,2.22,7,3,N,21.25,0,6.59,3.84,5.51
323,power,poder,5.73,1.99,6.09,1.88,5.70,2.48,5,2,N,391.61,3,6,3.29,3.6
324,powerful,poderoso,5.37,2.39,5.40,2.16,5.53,2.56,8,4,A,20.54,1,5.77,3.3,4.33
365,rotten,podrido,1.91,1.23,5.16,2.23,4.17,2.16,7,3,A,4.46,1,UnAv,UnAv,UnAv
318,poetry,poesía,7.23,1.72,5.60,2.32,5.36,2.23,6,4,N,51.96,1,5.41,5.98,5.57
319,poison,ponzoña,3.39,1.99,4.37,1.84,4.16,1.98,7,3,N,0.36,1,UnAv,UnAv,UnAv
182,garbage,porquería,1.66,1.06,5.37,2.34,5.30,2.30,9,4,N,8.21,1,5.44,3.3,5.65
942,poster,póster,5.49,1.42,4.63,1.53,4.96,1.60,6,2,N,1.96,1,UnAv,UnAv,UnAv
325,prairie,pradera,7.49,1.38,5.03,2.62,5.59,2.21,7,3,N,3.57,0,5.37,6.03,6.42
553,cliff,precipicio,2.60,1.87,6.91,2.14,3.28,2.19,10,4,N,2.86,0,4.2,5.16,5.6
85,controlling,predominante,4.70,1.83,5.14,1.82,4.96,1.81,12,5,A,0,0,UnAv,UnAv,UnAv
762,garment,prenda,5.88,1.67,4.54,1.90,5.43,2.03,6,2,N,10.71,1,6.03,3.8,5.65
944,pressure,presión,2.70,1.79,7.08,1.92,4.07,2.34,7,3,N,68.39,1,4.69,3.35,3.62
945,prestige,prestigio,7.17,1.61,6.09,2.08,6.44,1.94,9,3,N,33.75,0,4.95,4.31,3.08
993,spring,primavera,7.53,1.38,5.99,2.21,4.76,2.46,9,4,N,43.93,0,6.75,5.46,5.65
329,prison,prisión,1.98,1.30,5.56,2.64,3.56,2.49,7,3,N,29.29,1,5.3,5.7,5.6
330,privacy,privacidad,6.08,2.15,4.88,2.28,6.11,2.22,10,4,N,0,0,UnAv,UnAv,UnAv
454,trouble,problema,1.89,1.17,6.56,1.97,3.81,2.19,8,3,N,210,0,6.47,2.83,4
947,progress,progreso,7.29,1.59,6.43,2.04,5.59,2.17,8,3,N,30.18,0,UnAv,UnAv,UnAv
332,promotion,promoción,5.89,1.76,5.58,1.90,5.29,1.47,9,4,N,16.96,1,5.57,3.98,3.62
333,protected,protegido,6.69,1.89,4.01,2.38,6.10,2.42,9,4,N,11.96,1,4.54,4.29,3.96
828,journal,publicación,5.31,1.74,4.91,1.91,5.06,1.92,11,5,N,20.71,1,5.25,4.08,4.66
477,village,pueblo,6.52,1.66,5.21,2.16,5.60,1.72,6,2,N,232.86,2,6.57,4.68,6.03
130,door,puerta,5.07,1.47,4.36,1.96,5.18,1.97,6,2,N,278.04,6,6.71,6.21,5.94
834,kick,puntapié,3.24,1.76,5.83,1.74,4.49,2.09,8,3,N,2.14,1,UnAv,UnAv,UnAv
602,pus,pus,1.70,1.15,5.91,2.08,3.83,2.15,3,1,N,1.61,9,UnAv,UnAv,UnAv
793,hooker,puta,3.24,2.13,5.46,2.45,4.11,2.27,4,2,N,21.07,11,5.74,5.88,5.66
337,putrid,putrefacto,1.64,1.03,5.36,2.23,3.94,2.30,10,4,N,1.07,1,UnAv,UnAv,UnAv
774,gripe,queja,2.84,1.42,5.67,1.65,4.73,1.83,5,2,N,13.04,3,5.27,3.86,3.78
586,burn,quemadura,1.76,1.14,6.83,1.93,3.54,2.32,9,4,N,0.54,0,UnAv,UnAv,UnAv
243,kerosene,queroseno,3.19,1.85,5.04,1.88,4.00,2.05,9,4,N,0.89,0,UnAv,UnAv,UnAv
340,rabies,rabia,2.33,1.51,7.47,1.83,3.60,2.44,5,2,N,22.86,5,6.18,4.12,4.18
955,radiator,radiador,5.50,1.81,3.97,1.81,5.39,2.17,8,3,N,1.61,0,UnAv,UnAv,UnAv
954,radiant,radiante,7.43,1.58,5.94,2.18,5.58,1.99,8,3,A,10.54,0,UnAv,UnAv,UnAv
341,radio,radio,6.29,1.74,5.52,2.02,5.87,1.90,5,2,N,83.21,1,6.34,5.78,6.05
667,bouquet,ramo,6.42,2.01,5.17,2.18,5.54,2.01,4,2,N,8.75,10,5.48,4.84,6.16
176,frog,rana,4.23,2.10,4.81,1.97,4.80,2.24,4,2,N,6.25,18,5.78,6.34,6.23
956,rancid,rancio,2.41,1.69,4.72,2.05,4.66,2.03,6,2,A,4.64,2,UnAv,UnAv,UnAv
953,quick,rápido,5.71,1.57,6.30,2.32,5.26,2.24,6,3,A,46.43,1,7,4.11,4.72
621,abduction,rapto,1.67,1.37,7.00,1.97,2.36,1.69,5,2,N,4.29,0,4.72,3.7,4.98
916,odd,raro,4.24,1.74,4.99,1.66,4.11,1.52,4,2,A,39.64,11,UnAv,UnAv,UnAv
573,skyscraper,rascacielos,4.73,2.26,5.94,1.80,4.29,2.14,11,4,N,4.11,0,4.61,6.49,6.07
345,rat,rata,2.67,1.82,6.32,1.90,3.78,2.03,4,2,N,12.5,23,6.3,6.54,6.14
104,defiant,rebelde,4.56,1.99,6.14,1.76,4.13,2.11,7,3,A,10.71,0,UnAv,UnAv,UnAv
150,errand,recado,4.43,1.29,4.83,1.57,4.98,2.01,6,3,N,6.96,5,5.7,3.97,3.58
349,rejected,rechazado,1.94,1.60,5.71,2.35,3.03,2.01,9,4,V,0,0,UnAv,UnAv,UnAv
555,dustpan,recogedor,4.22,1.62,4.28,1.71,5.41,2.02,9,4,N,0,0,UnAv,UnAv,UnAv
358,reward,recompensa,7.60,1.27,6.36,2.19,5.76,1.97,10,4,N,8.93,0,4.95,4.91,5.5
433,thankful,reconocido,6.11,1.59,5.02,2.06,5.40,1.81,10,5,A,20.89,1,UnAv,UnAv,UnAv
871,memories,recuerdos,6.96,1.88,5.69,2.33,5.80,2.55,9,3,N,0,0,UnAv,UnAv,UnAv
347,refreshment,refrigerio,5.18,2.22,4.68,1.75,5.14,1.70,10,4,N,0.71,0,UnAv,UnAv,UnAv
943,present,regalo,7.91,1.37,6.63,2.33,5.13,2.34,6,3,N,29.29,4,5.94,4.88,5.99
216,hostage,rehén,1.74,1.37,6.39,2.35,2.58,1.95,5,2,N,1.25,1,UnAv,UnAv,UnAv
952,queen,reina,4.91,2.23,4.74,2.04,4.66,2.07,5,2,N,46.07,4,5.47,5.12,6.35
350,relaxed,relajado,7.53,1.90,2.86,2.36,6.19,2.28,8,4,A,4.29,2,UnAv,UnAv,UnAv
598,lightning,relámpago,3.98,2.17,6.57,2.03,2.86,2.34,9,4,N,5.89,1,4.62,6.17,6.22
688,clock,reloj,4.96,2.02,4.72,2.01,5.29,2.37,5,2,N,50.71,0,6.76,6.5,6.04
864,mantel,repisa,4.73,1.10,4.24,1.81,5.03,1.89,6,3,N,2.32,1,4.94,5.75,5.36
958,reptile,reptil,3.41,2.10,6.08,2.28,3.56,2.08,6,2,N,3.21,0,5.86,4.92,6.4
913,obnoxious,repugnante,1.78,1.63,5.82,2.19,3.73,2.21,10,4,A,7.14,0,UnAv,UnAv,UnAv
352,rescue,rescate,7.27,1.97,7.00,1.98,4.71,2.23,7,3,N,16.25,0,5.47,4.06,4.52
959,resent,resentirse,2.29,1.31,5.86,1.58,3.58,1.91,10,4,V,0.71,0,UnAv,UnAv,UnAv
353,reserved,reservado,4.50,1.93,3.91,1.94,5.04,2.05,9,4,A/N,9.82,1,UnAv,UnAv,UnAv
354,respect,respeto,7.27,1.51,4.74,2.48,6.10,2.29,7,3,N,60.54,0,5.79,3.49,3.74
355,respectful,respetuoso,7.63,1.35,4.21,2.19,6.76,1.68,10,4,A,5.54,1,UnAv,UnAv,UnAv
639,answer,respuesta,5.79,1.61,5.52,1.99,5.64,2.00,9,3,N,113.75,0,6.62,4.38,3.98
960,restaurant,restaurante,6.72,1.38,5.71,1.89,5.87,1.72,11,4,N,25.71,0,6.18,5.9,6.53
721,delayed,retrasado,2.84,1.84,5.11,2.17,3.28,1.97,9,4,A/N,5.36,1,UnAv,UnAv,UnAv
961,reunion,reunión,5.62,2.16,5.90,1.74,5.20,1.94,7,3,N,60.36,1,5.76,4.4,5.25
356,reverent,reverente,4.59,1.73,4.60,1.84,4.74,1.76,9,4,A,0.54,1,UnAv,UnAv,UnAv
962,revolver,revólver,2.13,1.61,7.01,1.91,3.69,2.43,8,3,N,8.39,1,5.55,6.24,6.26
357,revolt,revuelta,3.23,1.86,6.64,1.66,3.16,1.90,8,3,N,9.29,3,4.47,3.25,4.02
247,king,rey,4.98,1.85,4.36,1.92,4.34,2.20,3,1,N,134.82,6,6.34,5,6.11
603,rifle,rifle,1.92,1.29,6.26,2.45,3.24,2.16,5,2,N,0.36,0,UnAv,UnAv,UnAv
963,rigid,rígido,3.39,1.80,4.89,2.07,4.51,2.17,6,3,A,7.14,2,UnAv,UnAv,UnAv
338,quarrel,riña,2.16,1.31,6.99,1.91,4.13,2.56,4,2,N,1.96,8,UnAv,UnAv,UnAv
362,river,río,7.03,1.49,4.62,2.32,4.58,2.37,3,2,N,101.43,2,6.43,6.2,6.25
359,riches,riqueza,7.04,1.72,5.81,2.04,5.42,2.42,7,3,N,24.82,0,5.35,4.1,4.9
251,laughter,risa,8.34,0.93,7.10,2.30,6.14,2.34,4,2,N,38.57,15,6.73,5.12,5.68
965,rock,roca,4.92,1.37,3.90,1.93,5.28,2.09,4,2,N,20.89,16,6.2,5.5,6.15
570,red,rojo,5.93,1.59,5.93,1.90,5.48,1.72,4,2,A,63.75,10,6.1,4.9,6.32
364,romantic,romántico,7.99,1.18,7.07,1.98,5.72,2.29,9,4,A/N,10,1,5.44,4.27,5.35
165,filth,roña,1.94,1.28,5.38,2.10,5.39,2.52,4,2,N,0.36,8,UnAv,UnAv,UnAv
74,clothing,ropa,6.69,1.70,5.63,2.12,5.78,1.85,4,2,N,72.32,11,6.58,3.78,6.15
672,broken,roto,3.02,1.51,5.46,1.64,3.93,1.86,4,2,A,30.54,18,UnAv,UnAv,UnAv
662,blond,rubio,5.28,1.43,4.96,1.77,4.78,1.79,5,2,A,33.21,5,6.23,5.49,6.03
904,noisy,ruidoso,2.63,1.38,6.93,1.92,3.62,1.95,7,3,A,4.11,2,UnAv,UnAv,UnAv
497,wise,sabio,7.14,1.47,5.17,2.17,5.67,2.18,5,2,A/N,16.61,2,5.27,4.6,5.18
1007,taste,sabor,6.88,1.56,5.39,2.18,5.33,2.25,5,2,N,24.46,3,6.26,3.66,4.51
204,health,salud  ,7.74,1.60,5.31,2.52,5.39,2.52,5,2,N,79.64,1,6.54,3.86,4.1
770,greet,saludar,6.61,1.50,5.12,2.06,6.04,2.02,7,3,V,10.71,0,6.21,4.09,5.57
370,salute,saludo,6.86,1.55,5.60,2.01,6.42,1.91,6,3,N,13.57,4,6.55,4.35,5.19
373,savior,salvador,6.89,1.75,5.51,2.17,5.34,2.24,8,3,A/N,9.82,1,UnAv,UnAv,UnAv
584,bloody,sangriento,1.42,0.70,6.79,2.33,3.16,1.87,10,3,A,3.93,1,UnAv,UnAv,UnAv
968,saint,santo,4.87,2.01,3.56,1.91,4.19,2.14,5,2,A/N,39.46,5,5.45,4.43,4.68
272,measles,sarampión,1.84,1.20,4.96,2.38,2.72,2.01,9,4,N,1.61,1,UnAv,UnAv,UnAv
372,satisfied,satisfecho,7.88,1.51,5.31,2.66,6.59,1.84,10,4,A,21.43,1,UnAv,UnAv,UnAv
561,hairdryer,secador,5.01,1.47,4.42,1.65,5.23,1.90,7,3,N,0.71,4,UnAv,UnAv,UnAv
391,silk,seda,6.73,1.72,4.00,2.09,5.40,1.94,4,2,N,24.29,11,5.96,5.61,5.73
967,safe,seguro,7.48,2.00,4.34,2.58,6.90,2.21,6,3,A/N,131.79,1,6.11,4.05,3.57
51,breast,seno,5.81,1.63,4.80,2.07,5.17,1.84,4,2,N,32.5,12,4.71,3.86,5.82
977,sentiment,sentimiento,7.36,1.70,6.79,2.10,4.33,2.33,11,4,N,50.89,0,6.05,2.22,4.14
383,serious,serio,3.80,1.84,4.04,1.77,4.73,1.88,5,2,A,35.36,3,UnAv,UnAv,UnAv
609,snake,serpiente,3.07,1.95,6.74,2.05,3.54,2.08,9,3,N,11.25,0,2.99,6.01,6.2
384,sex,sexo,7.76,1.17,7.59,1.55,5.87,2.30,4,2,N,81.79,7,6.66,4.78,5.6
530,sexy,sexy,7.33,1.68,7.07,1.61,5.80,1.88,4,2,A,0,1,UnAv,UnAv,UnAv
425,syphilis,sífilis,1.60,1.23,5.21,2.23,3.02,2.06,7,3,N,2.5,1,4.27,5.86,2.84
1030,whistle,silbato,4.21,1.50,5.81,2.01,4.84,1.70,7,3,N,1.61,0,UnAv,UnAv,UnAv
66,chair,silla,5.03,1.15,3.48,1.95,5.57,2.02,5,2,N,48.21,6,6.83,6.51,6.54
902,nice,simpático,7.94,1.42,6.62,2.10,6.38,1.67,9,4,A,12.5,1,UnAv,UnAv,UnAv
403,snob,snob,3.14,1.85,5.12,1.80,4.81,2.12,4,1,N/A,0,0,UnAv,UnAv,UnAv
30,awed,sobrecogido,3.00,1.85,5.67,2.36,3.73,1.87,11,5,V,0,0,UnAv,UnAv,UnAv
410,startled,sobresaltado,4.01,1.87,7.59,1.70,3.27,2.01,12,5,V,4.11,0,3.73,4.35,5.06
985,social,sociable,7.56,1.80,6.06,2.12,6.01,2.02,8,3,A,0.54,0,UnAv,UnAv,UnAv
906,noose,soga,2.01,1.52,5.83,2.37,3.22,2.18,4,2,N,5.18,14,4.19,5.9,6
532,sun,sol,7.90,1.31,5.69,2.73,5.41,2.66,3,1,N,186.07,6,6.62,6.19,6.53
1003,sunlight,soleado,8.14,1.15,6.39,2.49,5.42,2.75,7,4,A,0,2,UnAv,UnAv,UnAv
260,loneliness,soledad,2.50,1.78,4.67,2.62,3.78,2.22,7,3,N,62.5,0,5.65,4.46,4.81
405,solemn,solemne,4.58,1.90,4.31,1.99,4.76,2.24,7,3,A,12.14,0,UnAv,UnAv,UnAv
261,lonely,solitario,2.68,1.83,4.40,2.32,4.23,2.23,9,4,A,31.07,2,6.25,3.98,4.97
12,alone,solo,2.76,1.74,3.61,2.33,4.58,2.58,4,2,A,206.43,9,UnAv,UnAv,UnAv
385,shadow,sombra,4.03,1.57,4.57,2.20,4.23,1.81,6,2,N,73.04,1,5.48,5.4,6.02
783,hat,sombrero,4.87,1.36,4.11,1.83,5.46,2.03,8,3,N,30.54,0,3.24,5.78,6.56
346,rattle,sonajero,6.06,1.79,4.96,2.04,5.74,2.37,8,4,N,0.71,0,UnAv,UnAv,UnAv
422,surprised,sorprendido,6.29,1.96,6.87,1.89,3.76,2.37,11,4,A,0,0,UnAv,UnAv,UnAv
658,bland,soso,2.49,1.33,3.99,2.07,5.07,2.20,4,2,A,0.89,10,UnAv,UnAv,UnAv
423,suspicious,sospechoso,3.07,1.45,6.46,1.47,3.71,1.96,10,4,A,10.71,1,5.3,5.01,3
992,spray,spray,4.17,1.82,4.78,1.75,5.10,2.06,5,1,N,0,0,UnAv,UnAv,UnAv
986,soft,suave,7.04,1.44,4.29,2.38,5.32,2.16,5,2,A,38.93,0,UnAv,UnAv,UnAv
401,slum,suburbio,2.50,1.48,5.32,2.26,3.18,1.85,8,3,N,3.93,0,3.63,4.64,5.26
725,dirt,suciedad,1.98,1.12,5.61,2.06,5.48,2.30,8,3,N,7.32,2,4.78,4.58,6.33
590,dirty,sucio,1.91,1.06,5.62,1.99,5.50,2.27,5,2,A,15.89,2,UnAv,UnAv,UnAv
132,dream,sueño,6.60,2.10,3.63,2.44,4.10,2.45,5,2,N,132.14,5,6.49,4.02,5.09
419,suicide,suicidio,1.24,0.62,6.80,2.44,4.01,2.93,8,3,N,21.07,0,4.68,6.61,5.32
634,alimony,sustento,5.49,1.75,4.98,1.87,5.01,1.78,8,3,N,3.75,0,3.95,3.96,3.96
441,tobacco,tabaco,3.18,2.42,5.06,2.59,4.57,2.69,6,3,N,58.39,2,5.51,6.11,6
664,board,tablero,4.80,1.46,4.71,1.75,5.21,2.03,7,3,N,11.96,0,4.67,4.81,5.75
999,stool,taburete,4.79,1.50,3.59,1.89,5.44,2.38,8,4,N,4.46,0,4.86,6.31,5.83
427,talent,talento,7.44,1.84,5.84,2.18,5.83,2.28,7,3,N,28.75,0,3.24,3.71,UnAv
613,tank,tanque,2.39,1.90,6.04,2.08,3.03,1.99,6,2,N,3.93,0,5.26,5.1,5.89
59,cake,tarta,7.26,1.58,5.26,2.15,5.53,1.90,5,2,N,4.64,10,6.19,6.29,6.37
1008,taxi,taxi,4.64,1.47,4.71,1.96,4.86,1.95,4,2,N,22.5,0,6.04,6.31,6.65
742,fabric,tela,5.11,1.13,4.24,1.55,5.58,1.77,4,2,N,23.75,12,5.74,5.31,6.09
163,fearful,temeroso,2.67,1.51,6.22,2.19,3.30,2.00,8,4,A,6.25,1,UnAv,UnAv,UnAv
592,fear,temor,1.96,1.09,6.90,1.74,2.77,1.77,5,2,N,45.54,3,6.08,2.7,3.55
883,moody,temperamental,4.27,1.85,6.14,2.01,4.24,2.17,13,5,A,1.06,0,UnAv,UnAv,UnAv
560,fork,tenedor,4.80,1.51,4.43,1.74,5.56,2.02,7,3,N,3.75,1,6.16,6.22,6.4
540,tennis,tenis,5.81,1.70,5.37,2.10,5.41,1.87,5,2,N,14.46,2,6.16,5.95,5.48
428,tense,tenso,2.73,1.72,7.12,1.72,3.57,2.02,5,2,A,8.21,4,UnAv,UnAv,UnAv
416,subdued,tenue,5.23,1.99,3.79,1.95,5.20,2.09,5,2,A,12.14,0,UnAv,UnAv,UnAv
434,theory,teoría,4.59,1.87,4.67,1.91,4.81,1.96,6,4,N,106.96,1,6.47,3.64,2.94
429,termite,termita,3.40,1.67,5.04,1.95,4.74,1.89,7,3,N,0,1,UnAv,UnAv,UnAv
1012,thermometer,termómetro,4.28,1.70,4.49,1.66,4.87,1.83,10,4,N,2.68,1,UnAv,UnAv,UnAv
430,terrible,terrible,1.49,0.89,6.87,2.18,2.91,2.20,8,3,A,43.57,0,UnAv,UnAv,UnAv
614,terrorist,terrorista,1.51,1.21,7.33,2.14,2.28,2.13,10,4,N,16.25,0,UnAv,UnAv,UnAv
449,treasure,tesoro,7.27,1.68,6.39,1.88,5.37,2.07,6,3,N,15.54,0,4.73,4.83,5.74
606,shark,tiburón,3.07,1.98,7.38,1.99,3.46,2.57,7,3,N,2.68,1,UnAv,UnAv,UnAv
439,time,tiempo,5.27,2.22,5.51,2.02,3.54,2.25,6,2,N,743.93,0,6.33,3.13,3.31
1011,tender,tierno,7.91,1.26,4.47,2.61,5.81,2.22,6,2,A,6.96,1,UnAv,UnAv,UnAv
134,earth,tierra,5.63,1.81,4.64,1.91,4.93,1.92,6,2,N,229.11,2,6.34,5.1,6.52
997,stiff,tieso,3.68,1.81,4.38,2.11,4.33,2.03,5,2,A,5.89,2,UnAv,UnAv,UnAv
974,scissors,tijeras,4.18,1.45,5.00,1.60,5.01,2.10,7,3,N,4.82,0,6.78,6.37,6.16
440,timid,tímido,4.17,1.79,4.24,2.28,4.07,2.23,6,3,A,11.96,1,UnAv,UnAv,UnAv
229,ink,tinta,4.62,1.64,4.69,1.77,5.28,1.88,5,2,N,11.96,9,6.06,5.45,4.98
638,ankle,tobillo,4.60,1.44,4.33,1.67,5.16,1.85,7,3,N,3.04,2,UnAv,UnAv,UnAv
528,rollercoaster,tobogán,6.54,1.76,6.42,1.93,5.40,2.12,7,3,N,1.07,1,UnAv,UnAv,UnAv
135,easygoing,tolerante,7.66,1.34,4.72,2.09,6.20,2.05,9,4,A,4.11,0,UnAv,UnAv,UnAv
1021,tune,tonada,5.00,1.33,4.72,1.27,4.70,1.46,6,3,N,0.89,5,UnAv,UnAv,UnAv
905,nonsense,tontería,4.19,2.05,5.36,1.91,5.12,1.86,8,4,N,9.82,1,6.54,3.7,3.7
981,silly,tonto,3.30,1.65,4.57,1.78,4.51,1.87,5,2,A,17.86,5,6.76,4.2,UnAv
1000,storm,tormenta,4.14,2.36,6.10,2.19,2.94,1.97,8,3,N,14.82,1,6.73,5.33,6.26
444,tornado,tornado,2.24,1.62,6.94,2.29,2.17,1.68,7,3,N,3.75,1,UnAv,UnAv,UnAv
689,clumsy,torpe,3.09,1.38,5.26,1.80,3.98,1.93,5,2,A,14.29,2,UnAv,UnAv,UnAv
1016,tower,torre,5.16,1.75,4.54,1.89,4.52,2.00,5,2,N,22.32,2,5.8,5.71,6.13
445,torture,tortura,1.24,0.83,7.47,2.04,2.44,2.16,7,3,N,10.71,1,UnAv,UnAv,UnAv
446,toxic,tóxico,1.77,1.17,6.21,2.29,3.29,2.35,6,3,A/N,3.21,1,UnAv,UnAv,UnAv
447,tragedy,tragedia,1.64,1.15,7.24,1.94,2.52,1.70,8,3,N,31.61,0,5.3,3.75,4.57
37,betray,traicionar,1.58,0.95,6.57,2.34,3.96,2.51,10,3,V,1.79,0,UnAv,UnAv,UnAv
448,traitor,traidor,1.53,0.91,6.83,2.05,3.53,2.45,7,2,N,5.36,0,4.26,5.36,3.49
531,skijump,trampolín,5.69,1.69,5.90,1.99,5.43,1.99,9,3,N,0.89,1,UnAv,UnAv,UnAv
464,untroubled,tranquilo,6.86,1.91,2.36,2.04,5.61,2.72,9,3,A,35.18,1,UnAv,UnAv,UnAv
616,trauma,trauma,1.66,1.14,5.86,2.37,3.13,2.35,6,2,N,3.21,0,5.41,3.39,4.03
1028,voyage,travesía,5.44,1.99,5.04,1.86,5.17,1.86,8,4,N,7.86,1,3.79,4.96,4.63
878,mischief,travesura,6.03,1.74,6.82,1.64,5.52,2.08,9,4,N,1.25,1,UnAv,UnAv,UnAv
368,sad,triste,2.00,1.79,4.33,2.52,3.59,2.19,6,2,A,57.86,1,UnAv,UnAv,UnAv
452,triumphant,triunfante,7.51,1.81,6.72,1.93,5.59,2.19,10,3,A,3.93,0,UnAv,UnAv,UnAv
451,triumph,triunfo,7.89,1.56,7.03,2.05,5.96,2.26,7,2,N,46.79,0,5.41,4.5,4.8
453,trophy,trofeo,7.30,1.94,6.89,2.04,6.26,1.98,6,3,N,4.64,1,3.53,5.61,4.84
456,trumpet,trompeta,5.19,1.79,5.70,2.06,4.81,2.19,8,3,N,3.04,0,4.69,6.15,6.25
442,tomb,tumba,1.74,1.50,4.90,2.69,3.06,2.36,5,2,N,22.68,6,4.73,5.9,5.92
459,tumor,tumor,1.34,1.14,6.77,2.58,1.98,1.54,5,2,N,15.54,4,4.61,5.42,3.29
887,muddy,turbio,2.81,1.70,4.99,2.03,3.72,1.82,6,2,A,5,1,UnAv,UnAv,UnAv
461,ulcer,úlcera,1.70,1.25,5.71,2.16,2.51,1.96,6,3,N,6.79,1,UnAv,UnAv,UnAv
1023,unit,unidad,5.50,2.06,4.43,2.25,5.34,2.12,6,3,N,70.18,0,5.76,4.39,4.5
1024,utensil,utensilio,4.78,1.50,4.44,1.88,5.50,2.05,9,4,N,0.36,0,UnAv,UnAv,UnAv
466,useful,útil,7.24,1.71,5.96,2.14,6.20,2.06,4,2,A,26.43,1,6.35,3.3,3.75
554,cow,vaca,5.41,1.44,4.57,1.74,4.60,1.73,4,2,N,11.07,13,6.09,6.39,6.09
791,holiday,vacación,8.52,0.90,6.18,2.94,6.37,2.34,8,4,N,1.79,1,UnAv,UnAv,UnAv
1010,tease,vacilar,3.83,2.22,6.37,1.63,4.94,2.50,7,3,V,6.43,0,5.79,3.26,3.68
1025,vagina,vagina,5.00,1.87,4.82,2.22,5.02,2.13,6,3,N,7.32,1,UnAv,UnAv,UnAv
668,brave,valiente,7.49,1.36,6.46,2.01,6.37,1.97,8,3,A,11.25,2,UnAv,UnAv,UnAv
470,vampire,vampiro,3.49,2.26,6.26,1.91,3.82,2.35,7,3,N,3.93,0,4.25,5.62,5.91
471,vandal,vándalo,2.49,1.60,6.29,1.83,3.49,1.99,7,3,N,1.43,1,UnAv,UnAv,UnAv
472,vanity,vanidad,2.83,2.13,5.49,1.92,4.41,2.12,7,3,N,11.07,1,3.63,4.01,2.47
473,vehicle,vehículo,6.33,1.61,5.78,1.80,5.09,2.03,8,4,N,29.64,1,6.03,5.32,6.35
529,sailboat,velero,6.41,1.76,4.88,2.41,4.93,2.08,6,3,N,2.32,2,UnAv,UnAv,UnAv
1005,swift,veloz,5.99,1.53,6.72,1.74,5.22,1.95,5,2,A,6.96,1,UnAv,UnAv,UnAv
67,champion,vencedor,7.39,1.37,6.77,1.72,5.66,2.04,8,3,N,12.5,1,4.99,4.52,4.85
103,defeated,vencido,2.20,1.21,5.06,2.52,3.56,2.25,7,3,V,0,1,UnAv,UnAv,UnAv
648,bandage,venda,4.14,1.76,4.72,1.73,4.84,1.98,5,2,N,2.68,6,UnAv,UnAv,UnAv
474,venom,veneno,1.67,1.17,6.93,2.12,3.62,2.58,6,3,N,11.25,1,5.06,4.43,4.49
629,advantage,ventaja,6.90,1.51,5.60,2.03,5.36,1.84,7,3,N,35.18,1,5.87,3.83,3.1
495,window,ventana,5.88,1.75,4.88,1.84,5.58,1.78,7,3,N,93.93,2,6.77,5.98,6.49
458,truth,verdad,7.78,1.78,5.72,2.47,6.36,2.13,6,2,N,311.25,0,6.7,3.06,2.11
194,green,verde,6.43,1.75,4.72,2.18,5.48,2.46,5,2,A,69.46,2,UnAv,UnAv,UnAv
389,shy,vergonzoso,3.14,1.70,6.13,1.84,3.22,1.76,10,4,A,3.75,1,UnAv,UnAv,UnAv
733,dump,vertedero,2.20,1.57,4.81,2.26,3.84,2.03,9,4,N,1.61,0,UnAv,UnAv,UnAv
133,dress,vestido,6.32,1.35,5.32,1.84,6.16,1.84,7,3,N,57.14,0,6.26,6,UnAv
1018,travel,viajes,7.84,1.72,7.39,1.74,5.99,2.14,6,2,N,0,0,UnAv,UnAv,UnAv
618,victim,víctima,1.74,1.36,6.37,2.02,2.74,1.80,7,3,N,34.64,1,6.21,5.06,4.46
972,scapegoat,victimismo,2.48,1.62,5.90,2.01,4.16,2.27,10,4,N,0,0,UnAv,UnAv,UnAv
475,victory,victoria,7.93,1.37,7.19,2.09,6.47,2.22,8,3,N,65,0,3.76,3.87,4.16
258,life,vida,8.07,1.54,6.59,2.27,5.32,2.27,4,2,N,850.89,10,6.44,3.69,3.8
765,glass,vidrio,4.64,1.40,4.58,1.82,5.17,1.58,6,2,N,18.39,0,5.18,5.33,5.51
580,watch,vigilante,4.83,1.87,5.09,1.78,4.79,2.03,9,4,N/A,5.36,0,5.73,5.5,5.65
276,mighty,vigoroso,5.99,1.58,5.62,1.65,5.54,1.56,8,4,A,2.32,1,UnAv,UnAv,UnAv
496,wine,vino,4.88,2.00,5.47,1.76,5.14,2.09,4,2,N,127.86,11,6.39,5.56,6.15
344,rape,violación,1.11,0.48,7.98,1.51,2.13,1.84,9,4,N,9.29,1,5.82,4.71,5.55
478,violent,violento,1.69,1.00,7.06,1.74,3.58,2.31,8,3,A,14.29,1,UnAv,UnAv,UnAv
579,violin,violín,6.14,1.92,4.10,2.13,5.07,1.99,6,2,N,5.18,1,5.78,6.45,6.39
1027,virgin,virgen,4.66,2.03,4.23,2.03,5.01,2.03,6,2,N/A,29.64,0,5.38,4.54,5.55
479,virtue,virtud,7.27,1.38,5.10,2.17,5.47,2.09,6,2,N,25.18,0,5.05,2.95,3.36
402,smallpox,viruela,1.77,1.15,5.04,2.32,2.98,2.22,7,3,N,3.39,2,4,5.81,4.02
480,vision,visión,6.82,1.95,5.28,2.00,5.21,2.31,6,3,N,69.29,1,6.14,4.01,4.35
849,lively,vívido,5.70,1.86,5.93,1.85,5.13,1.90,6,3,A,0.36,1,UnAv,UnAv,UnAv
635,alive,vivo,8.07,1.31,6.54,2.13,6.53,2.19,4,2,A,62.32,7,UnAv,UnAv,UnAv
619,volcano,volcán,3.52,2.02,6.63,2.07,2.58,2.26,6,2,N,5.54,1,3.87,6.2,6.15
481,vomit,vómito,1.76,1.16,5.80,2.54,3.12,2.15,6,3,N,3.04,1,UnAv,UnAv,UnAv
1037,yacht,yate,6.57,1.81,5.19,2.23,5.49,1.92,4,2,N,9.64,7,3.57,5.95,6.32
371,sapphire,zafiro,6.71,1.83,5.21,2.12,5.12,1.87,6,3,N,1.43,0,UnAv,UnAv,UnAv
990,spanking,zurra,1.96,1.54,6.63,2.04,3.97,2.40,5,2,N,0.36,5,UnAv,UnAv,UnAv